year,sex,employment_type,paid_leave,weekly_median_aud,annual_median_aud,n_periods
2014,Females,Full-time,Total,1100,57200,1
2015,Females,Full-time,Total,1125.4,58520.8,1
2016,Females,Full-time,Total,1150,59800,1
2017,Females,Full-time,Total,1190.9,61926.8,1
2018,Females,Full-time,Total,1235.1,64225.2,1
2019,Females,Full-time,Total,1250,65000,1
2020,Females,Full-time,Total,1342,69784,1
2021,Females,Full-time,Total,1374.3,71463.59999999999,1
2022,Females,Full-time,Total,1438,74776,1
2023,Females,Full-time,Total,1500,78000,1
2024,Females,Full-time,Total,1598.1,83101.2,1
2014,Females,Full-time,With leave entitlements,1120,58240,1
2015,Females,Full-time,With leave entitlements,1150,59800,1
2016,Females,Full-time,With leave entitlements,1193,62036,1
2017,Females,Full-time,With leave entitlements,1208,62816,1
2018,Females,Full-time,With leave entitlements,1250,65000,1
2019,Females,Full-time,With leave entitlements,1288,66976,1
2020,Females,Full-time,With leave entitlements,1377,71604,1
2021,Females,Full-time,With leave entitlements,1400,72800,1
2022,Females,Full-time,With leave entitlements,1479.2,76918.40000000001,1
2023,Females,Full-time,With leave entitlements,1519.7,79024.40000000001,1
2024,Females,Full-time,With leave entitlements,1618,84136,1
2014,Females,Full-time,Without leave entitlements,900,46800,1
2015,Females,Full-time,Without leave entitlements,899,46748,1
2016,Females,Full-time,Without leave entitlements,900,46800,1
2017,Females,Full-time,Without leave entitlements,900.2,46810.4,1
2018,Females,Full-time,Without leave entitlements,987.8,51365.6,1
2019,Females,Full-time,Without leave entitlements,999.8,51989.6,1
2020,Females,Full-time,Without leave entitlements,967,50284,1
2021,Females,Full-time,Without leave entitlements,1052.3,54719.6,1
2022,Females,Full-time,Without leave entitlements,1121.4,58312.8,1
2023,Females,Full-time,Without leave entitlements,1159.8,60309.6,1
2024,Females,Full-time,Without leave entitlements,1250,65000,1
2014,Females,Part-time,Total,498,25896,1
2015,Females,Part-time,Total,500,26000,1
2016,Females,Part-time,Total,503,26156,1
2017,Females,Part-time,Total,535,27820,1
2018,Females,Part-time,Total,550,28600,1
2019,Females,Part-time,Total,573.9,29842.8,1
2020,Females,Part-time,Total,708,36816,1
2021,Females,Part-time,Total,613,31876,1
2022,Females,Part-time,Total,650,33800,1
2023,Females,Part-time,Total,700,36400,1
2024,Females,Part-time,Total,703,36556,1
2014,Females,Part-time,With leave entitlements,635,33020,1
2015,Females,Part-time,With leave entitlements,671,34892,1
2016,Females,Part-time,With leave entitlements,670,34840,1
2017,Females,Part-time,With leave entitlements,691.1,35937.200000000004,1
2018,Females,Part-time,With leave entitlements,700,36400,1
2019,Females,Part-time,With leave entitlements,729,37908,1
2020,Females,Part-time,With leave entitlements,758,39416,1
2021,Females,Part-time,With leave entitlements,763,39676,1
2022,Females,Part-time,With leave entitlements,814.1,42333.200000000004,1
2023,Females,Part-time,With leave entitlements,878.3,45671.6,1
2024,Females,Part-time,With leave entitlements,900,46800,1
2014,Females,Part-time,Without leave entitlements,300,15600,1
2015,Females,Part-time,Without leave entitlements,325,16900,1
2016,Females,Part-time,Without leave entitlements,335,17420,1
2017,Females,Part-time,Without leave entitlements,364,18928,1
2018,Females,Part-time,Without leave entitlements,374.9,19494.8,1
2019,Females,Part-time,Without leave entitlements,383,19916,1
2020,Females,Part-time,Without leave entitlements,480,24960,1
2021,Females,Part-time,Without leave entitlements,405,21060,1
2022,Females,Part-time,Without leave entitlements,423.7,22032.399999999998,1
2023,Females,Part-time,Without leave entitlements,476,24752,1
2024,Females,Part-time,Without leave entitlements,434.8,22609.600000000002,1
2014,Females,Total,Total,825,42900,1
2015,Females,Total,Total,850,44200,1
2016,Females,Total,Total,870,45240,1
2017,Females,Total,Total,899,46748,1
2018,Females,Total,Total,912,47424,1
2019,Females,Total,Total,950,49400,1
2020,Females,Total,Total,1000,52000,1
2021,Females,Total,Total,1020,53040,1
2022,Females,Total,Total,1093,56836,1
2023,Females,Total,Total,1150,59800,1
2024,Females,Total,Total,1200,62400,1
2014,Females,Total,With leave entitlements,973.2,50606.4,1
2015,Females,Total,With leave entitlements,999,51948,1
2016,Females,Total,With leave entitlements,1000,52000,1
2017,Females,Total,With leave entitlements,1014,52728,1
2018,Females,Total,With leave entitlements,1054,54808,1
2019,Females,Total,With leave entitlements,1100,57200,1
2020,Females,Total,With leave entitlements,1150,59800,1
2021,Females,Total,With leave entitlements,1197.7,62280.4,1
2022,Females,Total,With leave entitlements,1250,65000,1
2023,Females,Total,With leave entitlements,1319,68588,1
2024,Females,Total,With leave entitlements,1400,72800,1
2014,Females,Total,Without leave entitlements,360,18720,1
2015,Females,Total,Without leave entitlements,400,20800,1
2016,Females,Total,Without leave entitlements,400,20800,1
2017,Females,Total,Without leave entitlements,428.2,22266.399999999998,1
2018,Females,Total,Without leave entitlements,450,23400,1
2019,Females,Total,Without leave entitlements,462,24024,1
2020,Females,Total,Without leave entitlements,571,29692,1
2021,Females,Total,Without leave entitlements,500,26000,1
2022,Females,Total,Without leave entitlements,550,28600,1
2023,Females,Total,Without leave entitlements,554.7,28844.4,1
2024,Females,Total,Without leave entitlements,550,28600,1
2014,Males,Full-time,Total,1302,67704,1
2015,Males,Full-time,Total,1300,67600,1
2016,Males,Full-time,Total,1333,69316,1
2017,Males,Full-time,Total,1361,70772,1
2018,Males,Full-time,Total,1425,74100,1
2019,Males,Full-time,Total,1473,76596,1
2020,Males,Full-time,Total,1500,78000,1
2021,Males,Full-time,Total,1538,79976,1
2022,Males,Full-time,Total,1600,83200,1
2023,Males,Full-time,Total,1700,88400,1
2024,Males,Full-time,Total,1789,93028,1
2014,Males,Full-time,With leave entitlements,1350,70200,1
2015,Males,Full-time,With leave entitlements,1350,70200,1
2016,Males,Full-time,With leave entitlements,1380,71760,1
2017,Males,Full-time,With leave entitlements,1418,73736,1
2018,Males,Full-time,With leave entitlements,1476,76752,1
2019,Males,Full-time,With leave entitlements,1500,78000,1
2020,Males,Full-time,With leave entitlements,1534,79768,1
2021,Males,Full-time,With leave entitlements,1600,83200,1
2022,Males,Full-time,With leave entitlements,1650,85800,1
2023,Males,Full-time,With leave entitlements,1736.3,90287.59999999999,1
2024,Males,Full-time,With leave entitlements,1820,94640,1
2014,Males,Full-time,Without leave entitlements,1000,52000,1
2015,Males,Full-time,Without leave entitlements,1000,52000,1
2016,Males,Full-time,Without leave entitlements,1051.4,54672.8,1
2017,Males,Full-time,Without leave entitlements,1026.9,53398.8,1
2018,Males,Full-time,Without leave entitlements,1182.7,61500.4,1
2019,Males,Full-time,Without leave entitlements,1148.6,59727.2,1
2020,Males,Full-time,Without leave entitlements,1119,58188,1
2021,Males,Full-time,Without leave entitlements,1200,62400,1
2022,Males,Full-time,Without leave entitlements,1189.9,61874.8,1
2023,Males,Full-time,Without leave entitlements,1354.3,70423.59999999999,1
2024,Males,Full-time,Without leave entitlements,1500,78000,1
2014,Males,Part-time,Total,400,20800,1
2015,Males,Part-time,Total,400,20800,1
2016,Males,Part-time,Total,416,21632,1
2017,Males,Part-time,Total,426.9,22198.8,1
2018,Males,Part-time,Total,460,23920,1
2019,Males,Part-time,Total,500,26000,1
2020,Males,Part-time,Total,550,28600,1
2021,Males,Part-time,Total,520,27040,1
2022,Males,Part-time,Total,542,28184,1
2023,Males,Part-time,Total,600,31200,1
2024,Males,Part-time,Total,623,32396,1
2014,Males,Part-time,With leave entitlements,576.8,29993.6,1
2015,Males,Part-time,With leave entitlements,620,32240,1
2016,Males,Part-time,With leave entitlements,600,31200,1
2017,Males,Part-time,With leave entitlements,637.6,33155.200000000004,1
2018,Males,Part-time,With leave entitlements,651.3,33867.6,1
2019,Males,Part-time,With leave entitlements,700,36400,1
2020,Males,Part-time,With leave entitlements,750,39000,1
2021,Males,Part-time,With leave entitlements,750,39000,1
2022,Males,Part-time,With leave entitlements,771.8,40133.6,1
2023,Males,Part-time,With leave entitlements,800,41600,1
2024,Males,Part-time,With leave entitlements,826.1,42957.200000000004,1
2014,Males,Part-time,Without leave entitlements,300,15600,1
2015,Males,Part-time,Without leave entitlements,320,16640,1
2016,Males,Part-time,Without leave entitlements,350,18200,1
2017,Males,Part-time,Without leave entitlements,336,17472,1
2018,Males,Part-time,Without leave entitlements,375,19500,1
2019,Males,Part-time,Without leave entitlements,400,20800,1
2020,Males,Part-time,Without leave entitlements,400,20800,1
2021,Males,Part-time,Without leave entitlements,384.9,20014.8,1
2022,Males,Part-time,Without leave entitlements,424,22048,1
2023,Males,Part-time,Without leave entitlements,461.9,24018.8,1
2024,Males,Part-time,Without leave entitlements,504.4,26228.8,1
2014,Males,Total,Total,1173,60996,1
2015,Males,Total,Total,1182,61464,1
2016,Males,Total,Total,1200,62400,1
2017,Males,Total,Total,1200,62400,1
2018,Males,Total,Total,1258,65416,1
2019,Males,Total,Total,1280,66560,1
2020,Males,Total,Total,1300,67600,1
2021,Males,Total,Total,1375.6,71531.2,1
2022,Males,Total,Total,1411,73372,1
2023,Males,Total,Total,1500,78000,1
2024,Males,Total,Total,1577.1,82009.2,1
2014,Males,Total,With leave entitlements,1300,67600,1
2015,Males,Total,With leave entitlements,1300,67600,1
2016,Males,Total,With leave entitlements,1305,67860,1
2017,Males,Total,With leave entitlements,1350,70200,1
2018,Males,Total,With leave entitlements,1400,72800,1
2019,Males,Total,With leave entitlements,1438,74776,1
2020,Males,Total,With leave entitlements,1490,77480,1
2021,Males,Total,With leave entitlements,1500,78000,1
2022,Males,Total,With leave entitlements,1587.2,82534.40000000001,1
2023,Males,Total,With leave entitlements,1662.4,86444.8,1
2024,Males,Total,With leave entitlements,1729.8,89949.59999999999,1
2014,Males,Total,Without leave entitlements,600,31200,1
2015,Males,Total,Without leave entitlements,600,31200,1
2016,Males,Total,Without leave entitlements,600,31200,1
2017,Males,Total,Without leave entitlements,664.6,34559.200000000004,1
2018,Males,Total,Without leave entitlements,690,35880,1
2019,Males,Total,Without leave entitlements,700,36400,1
2020,Males,Total,Without leave entitlements,740.5,38506,1
2021,Males,Total,Without leave entitlements,700,36400,1
2022,Males,Total,Without leave entitlements,792.7,41220.4,1
2023,Males,Total,Without leave entitlements,772,40144,1
2024,Males,Total,Without leave entitlements,842.8,43825.6,1
2014,Persons,Full-time,Total,1208,62816,1
2015,Persons,Full-time,Total,1230,63960,1
2016,Persons,Full-time,Total,1250,65000,1
2017,Persons,Full-time,Total,1281,66612,1
2018,Persons,Full-time,Total,1342,69784,1
2019,Persons,Full-time,Total,1375,71500,1
2020,Persons,Full-time,Total,1435,74620,1
2021,Persons,Full-time,Total,1486.9,77318.8,1
2022,Persons,Full-time,Total,1500.4,78020.8,1
2023,Persons,Full-time,Total,1600,83200,1
2024,Persons,Full-time,Total,1700,88400,1
2014,Persons,Full-time,With leave entitlements,1250,65000,1
2015,Persons,Full-time,With leave entitlements,1250,65000,1
2016,Persons,Full-time,With leave entitlements,1281,66612,1
2017,Persons,Full-time,With leave entitlements,1323,68796,1
2018,Persons,Full-time,With leave entitlements,1378.6,71687.2,1
2019,Persons,Full-time,With leave entitlements,1400,72800,1
2020,Persons,Full-time,With leave entitlements,1485,77220,1
2021,Persons,Full-time,With leave entitlements,1500,78000,1
2022,Persons,Full-time,With leave entitlements,1562,81224,1
2023,Persons,Full-time,With leave entitlements,1630,84760,1
2024,Persons,Full-time,With leave entitlements,1731,90012,1
2014,Persons,Full-time,Without leave entitlements,960,49920,1
2015,Persons,Full-time,Without leave entitlements,1000,52000,1
2016,Persons,Full-time,Without leave entitlements,1000,52000,1
2017,Persons,Full-time,Without leave entitlements,1000,52000,1
2018,Persons,Full-time,Without leave entitlements,1099.4,57168.8,1
2019,Persons,Full-time,Without leave entitlements,1080,56160,1
2020,Persons,Full-time,Without leave entitlements,1080,56160,1
2021,Persons,Full-time,Without leave entitlements,1130.2,58770.4,1
2022,Persons,Full-time,Without leave entitlements,1153,59956,1
2023,Persons,Full-time,Without leave entitlements,1277.7,66440.40000000001,1
2024,Persons,Full-time,Without leave entitlements,1400,72800,1
2014,Persons,Part-time,Total,460,23920,1
2015,Persons,Part-time,Total,483,25116,1
2016,Persons,Part-time,Total,487,25324,1
2017,Persons,Part-time,Total,500,26000,1
2018,Persons,Part-time,Total,525,27300,1
2019,Persons,Part-time,Total,549,28548,1
2020,Persons,Part-time,Total,674,35048,1
2021,Persons,Part-time,Total,600,31200,1
2022,Persons,Part-time,Total,617,32084,1
2023,Persons,Part-time,Total,657,34164,1
2024,Persons,Part-time,Total,691.1,35937.200000000004,1
2014,Persons,Part-time,With leave entitlements,620,32240,1
2015,Persons,Part-time,With leave entitlements,650,33800,1
2016,Persons,Part-time,With leave entitlements,650,33800,1
2017,Persons,Part-time,With leave entitlements,685,35620,1
2018,Persons,Part-time,With leave entitlements,700,36400,1
2019,Persons,Part-time,With leave entitlements,722,37544,1
2020,Persons,Part-time,With leave entitlements,750,39000,1
2021,Persons,Part-time,With leave entitlements,755.6,39291.200000000004,1
2022,Persons,Part-time,With leave entitlements,801,41652,1
2023,Persons,Part-time,With leave entitlements,853.8,44397.6,1
2024,Persons,Part-time,With leave entitlements,900,46800,1
2014,Persons,Part-time,Without leave entitlements,300,15600,1
2015,Persons,Part-time,Without leave entitlements,322.7,16780.399999999998,1
2016,Persons,Part-time,Without leave entitlements,345,17940,1
2017,Persons,Part-time,Without leave entitlements,350,18200,1
2018,Persons,Part-time,Without leave entitlements,375,19500,1
2019,Persons,Part-time,Without leave entitlements,390,20280,1
2020,Persons,Part-time,Without leave entitlements,450,23400,1
2021,Persons,Part-time,Without leave entitlements,400,20800,1
2022,Persons,Part-time,Without leave entitlements,424,22048,1
2023,Persons,Part-time,Without leave entitlements,470,24440,1
2024,Persons,Part-time,Without leave entitlements,458.4,23836.8,1
2014,Persons,Total,Total,1000,52000,1
2015,Persons,Total,Total,1000,52000,1
2016,Persons,Total,Total,1000,52000,1
2017,Persons,Total,Total,1016,52832,1
2018,Persons,Total,Total,1074,55848,1
2019,Persons,Total,Total,1100,57200,1
2020,Persons,Total,Total,1150,59800,1
2021,Persons,Total,Total,1200,62400,1
2022,Persons,Total,Total,1248,64896,1
2023,Persons,Total,Total,1300,67600,1
2024,Persons,Total,Total,1396,72592,1
2014,Persons,Total,With leave entitlements,1127,58604,1
2015,Persons,Total,With leave entitlements,1150,59800,1
2016,Persons,Total,With leave entitlements,1153,59956,1
2017,Persons,Total,With leave entitlements,1200,62400,1
2018,Persons,Total,With leave entitlements,1235,64220,1
2019,Persons,Total,With leave entitlements,1250,65000,1
2020,Persons,Total,With leave entitlements,1300,67600,1
2021,Persons,Total,With leave entitlements,1344,69888,1
2022,Persons,Total,With leave entitlements,1417.7,73720.40000000001,1
2023,Persons,Total,With leave entitlements,1500,78000,1
2024,Persons,Total,With leave entitlements,1549,80548,1
2014,Persons,Total,Without leave entitlements,450,23400,1
2015,Persons,Total,Without leave entitlements,479,24908,1
2016,Persons,Total,Without leave entitlements,500,26000,1
2017,Persons,Total,Without leave entitlements,500,26000,1
2018,Persons,Total,Without leave entitlements,525,27300,1
2019,Persons,Total,Without leave entitlements,548,28496,1
2020,Persons,Total,Without leave entitlements,620,32240,1
2021,Persons,Total,Without leave entitlements,582,30264,1
2022,Persons,Total,Without leave entitlements,630,32760,1
2023,Persons,Total,Without leave entitlements,638.1,33181.200000000004,1
2024,Persons,Total,Without leave entitlements,658,34216,1
