year,sex,employment_type,paid_leave,group_family,annual_income_aud,median_car_aud,affordability_index,months_of_income,base_2014,affordability_index_2014
2014,Females,Full-time,Total,Sex × Employment × Leave,57200,19992.5,0.34951923076923075,4.194230769230769,0.34951923076923075,1
2015,Females,Full-time,Total,Sex × Employment × Leave,58520.8,24645,0.4211323153477054,5.053587784172465,0.34951923076923075,1.20489025574034
2016,Females,Full-time,Total,Sex × Employment × Leave,59800,27999,0.4682107023411371,5.618528428093645,0.34951923076923075,1.339584953053047
2017,Females,Full-time,Total,Sex × Employment × Leave,61926.8,29999,0.48442677483738866,5.813121298048664,0.34951923076923075,1.385980318654427
2018,Females,Full-time,Total,Sex × Employment × Leave,64225.2,33880,0.5275187932462647,6.330225518955176,0.34951923076923075,1.5092697248311289
2019,Females,Full-time,Total,Sex × Employment × Leave,65000,36990,0.569076923076923,6.828923076923076,0.34951923076923075,1.6281705639614856
2020,Females,Full-time,Total,Sex × Employment × Leave,69784,37990,0.5443941304597042,6.53272956551645,0.34951923076923075,1.557551294850323
2021,Females,Full-time,Total,Sex × Employment × Leave,71463.59999999999,42691.5,0.5973880409047404,7.168656490856884,0.34951923076923075,1.7091707360135628
2022,Females,Full-time,Total,Sex × Employment × Leave,74776,51490,0.6885899219000748,8.263079062800898,0.34951923076923075,1.9701059663716036
2023,Females,Full-time,Total,Sex × Employment × Leave,78000,58630,0.7516666666666667,9.02,0.34951923076923075,2.1505731315910137
2024,Females,Full-time,Total,Sex × Employment × Leave,83101.2,NA,NA,NA,0.34951923076923075,NA
2014,Females,Full-time,With leave entitlements,Sex × Employment × Leave,58240,19992.5,0.3432778159340659,4.119333791208791,0.3432778159340659,1
2015,Females,Full-time,With leave entitlements,Sex × Employment × Leave,59800,24645,0.412123745819398,4.9454849498327755,0.3432778159340659,1.200554555784506
2016,Females,Full-time,With leave entitlements,Sex × Employment × Leave,62036,27999,0.4513347088787156,5.416016506544587,0.3432778159340659,1.3147797146478126
2017,Females,Full-time,With leave entitlements,Sex × Employment × Leave,62816,29999,0.4775694090677534,5.730832908813041,0.3432778159340659,1.3912038206380373
2018,Females,Full-time,With leave entitlements,Sex × Employment × Leave,65000,33880,0.5212307692307693,6.254769230769231,0.3432778159340659,1.5183933975240718
2019,Females,Full-time,With leave entitlements,Sex × Employment × Leave,66976,36990,0.552287386526517,6.627448638318204,0.3432778159340659,1.6088641936378316
2020,Females,Full-time,With leave entitlements,Sex × Employment × Leave,71604,37990,0.5305569521255796,6.366683425506956,0.3432778159340659,1.5455614301259852
2021,Females,Full-time,With leave entitlements,Sex × Employment × Leave,72800,42691.5,0.5864217032967033,7.03706043956044,0.3432778159340659,1.7083006127297737
2022,Females,Full-time,With leave entitlements,Sex × Employment × Leave,76918.40000000001,51490,0.6694107001705702,8.032928402046842,0.3432778159340659,1.9500552296078035
2023,Females,Full-time,With leave entitlements,Sex × Employment × Leave,79024.40000000001,58630,0.7419227479107717,8.90307297492926,0.3432778159340659,2.1612895254882254
2024,Females,Full-time,With leave entitlements,Sex × Employment × Leave,84136,NA,NA,NA,0.3432778159340659,NA
2014,Females,Full-time,Without leave entitlements,Sex × Employment × Leave,46800,19992.5,0.4271901709401709,5.126282051282051,0.4271901709401709,1
2015,Females,Full-time,Without leave entitlements,Sex × Employment × Leave,46748,24645,0.5271883289124668,6.326259946949602,0.4271901709401709,1.2340834709567812
2016,Females,Full-time,Without leave entitlements,Sex × Employment × Leave,46800,27999,0.5982692307692308,7.179230769230769,0.4271901709401709,1.400475178191822
2017,Females,Full-time,Without leave entitlements,Sex × Employment × Leave,46810.4,29999,0.6408618597576606,7.690342317091927,0.4271901709401709,1.50017931907758
2018,Females,Full-time,Without leave entitlements,Sex × Employment × Leave,51365.6,33880,0.6595854034606818,7.915024841528182,0.4271901709401709,1.5440088474157765
2019,Females,Full-time,Without leave entitlements,Sex × Employment × Leave,51989.6,36990,0.7114884515364611,8.537861418437533,0.4271901709401709,1.6655075419235403
2020,Females,Full-time,Without leave entitlements,Sex × Employment × Leave,50284,37990,0.7555087105242224,9.066104526290669,0.4271901709401709,1.768553590223014
2021,Females,Full-time,Without leave entitlements,Sex × Employment × Leave,54719.6,42691.5,0.7801866241712293,9.362239490054751,0.4271901709401709,1.826321571149858
2022,Females,Full-time,Without leave entitlements,Sex × Employment × Leave,58312.8,51490,0.8829965290639448,10.595958348767336,0.4271901709401709,2.066986998133931
2023,Females,Full-time,Without leave entitlements,Sex × Employment × Leave,60309.6,58630,0.9721503707535782,11.66580444904294,0.4271901709401709,2.2756852495319477
2024,Females,Full-time,Without leave entitlements,Sex × Employment × Leave,65000,NA,NA,NA,0.4271901709401709,NA
2014,Females,Part-time,Total,Sex × Employment × Leave,25896,19992.5,0.7720304294099475,9.26436515291937,0.7720304294099475,1
2015,Females,Part-time,Total,Sex × Employment × Leave,26000,24645,0.9478846153846154,11.374615384615385,0.7720304294099475,1.2277814180317619
2016,Females,Part-time,Total,Sex × Employment × Leave,26156,27999,1.070461844318703,12.845542131824438,0.7720304294099475,1.3865539537565155
2017,Females,Part-time,Total,Sex × Employment × Leave,27820,29999,1.0783249460819555,12.939899352983467,0.7720304294099475,1.3967389172808964
2018,Females,Part-time,Total,Sex × Employment × Leave,28600,33880,1.1846153846153846,14.215384615384615,0.7720304294099475,1.5344154057771664
2019,Females,Part-time,Total,Sex × Employment × Leave,29842.8,36990,1.2394949535566369,14.873939442679642,0.7720304294099475,1.6055001284132884
2020,Females,Part-time,Total,Sex × Employment × Leave,36816,37990,1.0318883094306823,12.382659713168188,0.7720304294099475,1.336590204377489
2021,Females,Part-time,Total,Sex × Employment × Leave,31876,42691.5,1.3392991592420629,16.071589910904756,0.7720304294099475,1.7347750920461402
2022,Females,Part-time,Total,Sex × Employment × Leave,33800,51490,1.5233727810650888,18.280473372781067,0.7720304294099475,1.9732030280585988
2023,Females,Part-time,Total,Sex × Employment × Leave,36400,58630,1.6107142857142858,19.32857142857143,0.7720304294099475,2.086335232855178
2024,Females,Part-time,Total,Sex × Employment × Leave,36556,NA,NA,NA,0.7720304294099475,NA
2014,Females,Part-time,With leave entitlements,Sex × Employment × Leave,33020,19992.5,0.6054663840096911,7.265596608116294,0.6054663840096911,1
2015,Females,Part-time,With leave entitlements,Sex × Employment × Leave,34892,24645,0.7063223661584317,8.47586839390118,0.6054663840096911,1.1665756924122253
2016,Females,Part-time,With leave entitlements,Sex × Employment × Leave,34840,27999,0.8036452353616532,9.643742824339839,0.6054663840096911,1.327316027092249
2017,Females,Part-time,With leave entitlements,Sex × Employment × Leave,35937.200000000004,29999,0.8347617510546174,10.017141012655408,0.6054663840096911,1.3787086667412012
2018,Females,Part-time,With leave entitlements,Sex × Employment × Leave,36400,33880,0.9307692307692308,11.169230769230769,0.6054663840096911,1.5372764786795048
2019,Females,Part-time,With leave entitlements,Sex × Employment × Leave,37908,36990,0.9757834757834758,11.70940170940171,0.6054663840096911,1.6116228770974301
2020,Females,Part-time,With leave entitlements,Sex × Employment × Leave,39416,37990,0.963821798254516,11.565861579054191,0.6054663840096911,1.5918667389453103
2021,Females,Part-time,With leave entitlements,Sex × Employment × Leave,39676,42691.5,1.076003125315052,12.912037503780624,0.6054663840096911,1.7771475902414913
2022,Females,Part-time,With leave entitlements,Sex × Employment × Leave,42333.2,51490,1.2163030434741529,14.595636521689833,0.6054663840096911,2.008869650894912
2023,Females,Part-time,With leave entitlements,Sex × Employment × Leave,45671.6,58630,1.283729932824775,15.404759193897302,0.6054663840096911,2.1202332065461587
2024,Females,Part-time,With leave entitlements,Sex × Employment × Leave,46800,NA,NA,NA,0.6054663840096911,NA
2014,Females,Part-time,Without leave entitlements,Sex × Employment × Leave,15600,19992.5,1.2815705128205128,15.378846153846155,1.2815705128205128,1
2015,Females,Part-time,Without leave entitlements,Sex × Employment × Leave,16900,24645,1.458284023668639,17.499408284023666,1.2815705128205128,1.1378882465539961
2016,Females,Part-time,Without leave entitlements,Sex × Employment × Leave,17420,27999,1.6072904707233064,19.287485648679677,1.2815705128205128,1.2541568759926762
2017,Females,Part-time,Without leave entitlements,Sex × Employment × Leave,18928,29999,1.58490067624683,19.01880811496196,1.2815705128205128,1.2366862848293385
2018,Females,Part-time,Without leave entitlements,Sex × Employment × Leave,19494.8,33880,1.7378993372591667,20.85479204711,1.2815705128205128,1.3560700093156435
2019,Females,Part-time,Without leave entitlements,Sex × Employment × Leave,19916,36990,1.8573006627836914,22.287607953404297,1.2815705128205128,1.4492379812142346
2020,Females,Part-time,Without leave entitlements,Sex × Employment × Leave,24960,37990,1.5220352564102564,18.264423076923077,1.2815705128205128,1.1876328623233712
2021,Females,Part-time,Without leave entitlements,Sex × Employment × Leave,21060,42691.5,2.027136752136752,24.325641025641026,1.2815705128205128,1.5817598266016422
2022,Females,Part-time,Without leave entitlements,Sex × Employment × Leave,22032.4,51490,2.3370127630217317,28.04415315626078,1.2815705128205128,1.823553787827386
2023,Females,Part-time,Without leave entitlements,Sex × Employment × Leave,24752,58630,2.3686974789915967,28.42436974789916,1.2815705128205128,1.8482771375400229
2024,Females,Part-time,Without leave entitlements,Sex × Employment × Leave,22609.6,NA,NA,NA,1.2815705128205128,NA
2014,Females,Total,Total,Sex × Employment × Leave,42900,19992.5,0.46602564102564104,5.592307692307692,0.46602564102564104,1
2015,Females,Total,Total,Sex × Employment × Leave,44200,24645,0.557579185520362,6.690950226244344,0.46602564102564104,1.1964560239501578
2016,Females,Total,Total,Sex × Employment × Leave,45240,27999,0.6188992042440318,7.426790450928381,0.46602564102564104,1.328036806906038
2017,Females,Total,Total,Sex × Employment × Leave,46748,29999,0.641717292718405,7.700607512620861,0.46602564102564104,1.3769999678689298
2018,Females,Total,Total,Sex × Employment × Leave,47424,33880,0.7144062078272605,8.572874493927126,0.46602564102564104,1.5329761818576704
2019,Females,Total,Total,Sex × Employment × Leave,49400,36990,0.7487854251012146,8.985425101214576,0.46602564102564104,1.6067472670672556
2020,Females,Total,Total,Sex × Employment × Leave,52000,37990,0.7305769230769231,8.766923076923078,0.46602564102564104,1.5676753782668502
2021,Females,Total,Total,Sex × Employment × Leave,53040,42691.5,0.8048925339366516,9.65871040723982,0.46602564102564104,1.7271421636054698
2022,Females,Total,Total,Sex × Employment × Leave,56836,51490,0.905939897248223,10.871278766978676,0.46602564102564104,1.9439700683730783
2023,Females,Total,Total,Sex × Employment × Leave,59800,58630,0.9804347826086957,11.765217391304347,0.46602564102564104,2.1038215417738173
2024,Females,Total,Total,Sex × Employment × Leave,62400,NA,NA,NA,0.46602564102564104,NA
2014,Females,Total,With leave entitlements,Sex × Employment × Leave,50606.4,19992.5,0.3950587277498498,4.740704732998197,0.3950587277498498,1
2015,Females,Total,With leave entitlements,Sex × Employment × Leave,51948,24645,0.4744167244167244,5.693000693000693,0.3950587277498498,1.2008764547966748
2016,Females,Total,With leave entitlements,Sex × Employment × Leave,52000,27999,0.5384423076923077,6.461307692307693,0.3950587277498498,1.3629424434162813
2017,Females,Total,With leave entitlements,Sex × Employment × Leave,52728,29999,0.5689387042937338,6.827264451524806,0.3950587277498498,1.4401370336361343
2018,Females,Total,With leave entitlements,Sex × Employment × Leave,54808,33880,0.6181579331484455,7.417895197781346,0.3950587277498498,1.5647241529615352
2019,Females,Total,With leave entitlements,Sex × Employment × Leave,57200,36990,0.6466783216783217,7.76013986013986,0.3950587277498498,1.636916934759626
2020,Females,Total,With leave entitlements,Sex × Employment × Leave,59800,37990,0.6352842809364548,7.623411371237458,0.3950587277498498,1.608075550070407
2021,Females,Total,With leave entitlements,Sex × Employment × Leave,62280.4,42691.5,0.6854724760919968,8.225669713103962,0.3950587277498498,1.7351153839740918
2022,Females,Total,With leave entitlements,Sex × Employment × Leave,65000,51490,0.7921538461538462,9.505846153846154,0.3950587277498498,2.0051546529948734
2023,Females,Total,With leave entitlements,Sex × Employment × Leave,68588,58630,0.854814253222138,10.257771038665656,0.3950587277498498,2.1637650130929504
2024,Females,Total,With leave entitlements,Sex × Employment × Leave,72800,NA,NA,NA,0.3950587277498498,NA
2014,Females,Total,Without leave entitlements,Sex × Employment × Leave,18720,19992.5,1.0679754273504274,12.815705128205128,1.0679754273504274,1
2015,Females,Total,Without leave entitlements,Sex × Employment × Leave,20800,24645,1.1848557692307693,14.21826923076923,1.0679754273504274,1.1094410403901462
2016,Females,Total,Without leave entitlements,Sex × Employment × Leave,20800,27999,1.3461057692307692,16.15326923076923,1.0679754273504274,1.2604276603726396
2017,Females,Total,Without leave entitlements,Sex × Employment × Leave,22266.4,29999,1.3472766140911867,16.16731936909424,1.0679754273504274,1.2615239822827067
2018,Females,Total,Without leave entitlements,Sex × Employment × Leave,23400,33880,1.4478632478632478,17.374358974358973,1.0679754273504274,1.3557083906464924
2019,Females,Total,Without leave entitlements,Sex × Employment × Leave,24024,36990,1.5397102897102897,18.476523476523475,1.0679754273504274,1.4417094722209138
2020,Females,Total,Without leave entitlements,Sex × Employment × Leave,29692,37990,1.2794692172975886,15.353630607571063,1.0679754273504274,1.1980324495591275
2021,Females,Total,Without leave entitlements,Sex × Employment × Leave,26000,42691.5,1.6419807692307693,19.703769230769232,1.0679754273504274,1.5374705514567963
2022,Females,Total,Without leave entitlements,Sex × Employment × Leave,28600,51490,1.8003496503496503,21.604195804195804,1.0679754273504274,1.6857594325144656
2023,Females,Total,Without leave entitlements,Sex × Employment × Leave,28844.4,58630,2.032630250585902,24.391563007030825,1.0679754273504274,1.9032556354116836
2024,Females,Total,Without leave entitlements,Sex × Employment × Leave,28600,NA,NA,NA,1.0679754273504274,NA
2014,Males,Full-time,Total,Sex × Employment × Leave,67704,19992.5,0.29529274488951907,3.543512938674229,0.29529274488951907,1
2015,Males,Full-time,Total,Sex × Employment × Leave,67600,24645,0.36457100591715974,4.3748520710059164,0.29529274488951907,1.2346087475110858
2016,Males,Full-time,Total,Sex × Employment × Leave,69316,27999,0.4039327139477177,4.847192567372613,0.29529274488951907,1.3679059880013145
2017,Males,Full-time,Total,Sex × Employment × Leave,70772,29999,0.4238823263437518,5.086587916125021,0.29529274488951907,1.4354647504202762
2018,Males,Full-time,Total,Sex × Employment × Leave,74100,33880,0.45721997300944667,5.48663967611336,0.29529274488951907,1.5483616882646782
2019,Males,Full-time,Total,Sex × Employment × Leave,76596,36990,0.4829233902553658,5.7950806830643895,0.29529274488951907,1.635405537769128
2020,Males,Full-time,Total,Sex × Employment × Leave,78000,37990,0.48705128205128206,5.844615384615385,0.29529274488951907,1.649384519194698
2021,Males,Full-time,Total,Sex × Employment × Leave,79976,42691.5,0.5338038911673502,6.405646694008202,0.29529274488951907,1.807710823938691
2022,Males,Full-time,Total,Sex × Employment × Leave,83200,51490,0.6188701923076924,7.426442307692309,0.29529274488951907,2.0957852944854323
2023,Males,Full-time,Total,Sex × Employment × Leave,88400,58630,0.663235294117647,7.958823529411765,0.29529274488951907,2.246026377538636
2024,Males,Full-time,Total,Sex × Employment × Leave,93028,NA,NA,NA,0.29529274488951907,NA
2014,Males,Full-time,With leave entitlements,Sex × Employment × Leave,70200,19992.5,0.2847934472934473,3.417521367521368,0.2847934472934473,1
2015,Males,Full-time,With leave entitlements,Sex × Employment × Leave,70200,24645,0.35106837606837604,4.212820512820512,0.2847934472934473,1.2327122671001625
2016,Males,Full-time,With leave entitlements,Sex × Employment × Leave,71760,27999,0.3901755852842809,4.682107023411371,0.2847934472934473,1.3700300656224345
2017,Males,Full-time,With leave entitlements,Sex × Employment × Leave,73736,29999,0.40684333297168274,4.882119995660193,0.2847934472934473,1.4285558071582907
2018,Males,Full-time,With leave entitlements,Sex × Employment × Leave,76752,33880,0.4414217219095268,5.297060662914321,0.2847934472934473,1.5499714832086422
2019,Males,Full-time,With leave entitlements,Sex × Employment × Leave,78000,36990,0.47423076923076923,5.690769230769231,0.2847934472934473,1.6651744404151556
2020,Males,Full-time,With leave entitlements,Sex × Employment × Leave,79768,37990,0.47625614281416107,5.715073713769932,0.2847934472934473,1.672286168590927
2021,Males,Full-time,With leave entitlements,Sex × Employment × Leave,83200,42691.5,0.5131189903846154,6.157427884615385,0.2847934472934473,1.8017233024884332
2022,Males,Full-time,With leave entitlements,Sex × Employment × Leave,85800,51490,0.6001165501165501,7.201398601398601,0.2847934472934473,2.107199290643082
2023,Males,Full-time,With leave entitlements,Sex × Employment × Leave,90287.6,58630,0.6493693486148706,7.792432183378447,0.2847934472934473,2.280141466688204
2024,Males,Full-time,With leave entitlements,Sex × Employment × Leave,94640,NA,NA,NA,0.2847934472934473,NA
2014,Males,Full-time,Without leave entitlements,Sex × Employment × Leave,52000,19992.5,0.3844711538461538,4.613653846153846,0.3844711538461538,1
2015,Males,Full-time,Without leave entitlements,Sex × Employment × Leave,52000,24645,0.4739423076923077,5.687307692307693,0.3844711538461538,1.2327122671001627
2016,Males,Full-time,Without leave entitlements,Sex × Employment × Leave,54672.8,27999,0.5121193719729006,6.1454324636748066,0.3844711538461538,1.3320098708311032
2017,Males,Full-time,Without leave entitlements,Sex × Employment × Leave,53398.8,29999,0.561791650748706,6.7414998089844715,0.3844711538461538,1.4612062442882436
2018,Males,Full-time,Without leave entitlements,Sex × Employment × Leave,61500.4,33880,0.5508907259139778,6.610688710967734,0.3844711538461538,1.4328532073290907
2019,Males,Full-time,Without leave entitlements,Sex × Employment × Leave,59727.2,36990,0.6193158226067855,7.431789871281426,0.3844711538461538,1.6108251982269777
2020,Males,Full-time,Without leave entitlements,Sex × Employment × Leave,58188,37990,0.6528837561009143,7.834605073210971,0.3844711538461538,1.6981345663247491
2021,Males,Full-time,Without leave entitlements,Sex × Employment × Leave,62400,42691.5,0.6841586538461538,8.209903846153846,0.3844711538461538,1.7794798049268477
2022,Males,Full-time,Without leave entitlements,Sex × Employment × Leave,61874.8,51490,0.8321643059856355,9.985971671827626,0.3844711538461538,2.164438860135203
2023,Males,Full-time,Without leave entitlements,Sex × Employment × Leave,70423.59999999999,58630,0.8325334120948092,9.990400945137711,0.3844711538461538,2.1653988960325163
2024,Males,Full-time,Without leave entitlements,Sex × Employment × Leave,78000,NA,NA,NA,0.3844711538461538,NA
2014,Males,Part-time,Total,Sex × Employment × Leave,20800,19992.5,0.9611778846153847,11.534134615384616,0.9611778846153847,1
2015,Males,Part-time,Total,Sex × Employment × Leave,20800,24645,1.1848557692307693,14.21826923076923,0.9611778846153847,1.2327122671001625
2016,Males,Part-time,Total,Sex × Employment × Leave,21632,27999,1.2943324704142012,15.531989644970414,0.9611778846153847,1.3466107482613672
2017,Males,Part-time,Total,Sex × Employment × Leave,22198.8,29999,1.3513793538389463,16.216552246067355,0.9611778846153847,1.4059617636538742
2018,Males,Part-time,Total,Sex × Employment × Leave,23920,33880,1.4163879598662208,16.99665551839465,0.9611778846153847,1.4735960767896656
2019,Males,Part-time,Total,Sex × Employment × Leave,26000,36990,1.4226923076923077,17.072307692307692,0.9611778846153847,1.480155058146805
2020,Males,Part-time,Total,Sex × Employment × Leave,28600,37990,1.3283216783216782,15.939860139860139,0.9611778846153847,1.3819727852490136
2021,Males,Part-time,Total,Sex × Employment × Leave,27040,42691.5,1.5788276627218936,18.945931952662722,0.9611778846153847,1.6425967430093977
2022,Males,Part-time,Total,Sex × Employment × Leave,28184,51490,1.8269230769230769,21.923076923076923,0.9611778846153847,1.9007127672877326
2023,Males,Part-time,Total,Sex × Employment × Leave,31200,58630,1.8791666666666667,22.55,0.9611778846153847,1.9550664832645575
2024,Males,Part-time,Total,Sex × Employment × Leave,32396,NA,NA,NA,0.9611778846153847,NA
2014,Males,Part-time,With leave entitlements,Sex × Employment × Leave,29993.6,19992.5,0.6665588658913902,7.998706390696682,0.6665588658913902,1
2015,Males,Part-time,With leave entitlements,Sex × Employment × Leave,32240,24645,0.7644230769230769,9.173076923076923,0.6665588658913902,1.1468200575215703
2016,Males,Part-time,With leave entitlements,Sex × Employment × Leave,31200,27999,0.8974038461538462,10.768846153846154,0.6665588658913902,1.346323471301738
2017,Males,Part-time,With leave entitlements,Sex × Employment × Leave,33155.200000000004,29999,0.9048052794131839,10.857663352958207,0.6665588658913902,1.3574274167116303
2018,Males,Part-time,With leave entitlements,Sex × Employment × Leave,33867.6,33880,1.0003661316420414,12.004393579704496,0.6665588658913902,1.500791877254907
2019,Males,Part-time,With leave entitlements,Sex × Employment × Leave,36400,36990,1.0162087912087912,12.194505494505494,0.6665588658913902,1.524559709891209
2020,Males,Part-time,With leave entitlements,Sex × Employment × Leave,39000,37990,0.9741025641025641,11.68923076923077,0.6665588658913902,1.4613901546413237
2021,Males,Part-time,With leave entitlements,Sex × Employment × Leave,39000,42691.5,1.0946538461538462,13.135846153846154,0.6665588658913902,1.642246322370889
2022,Males,Part-time,With leave entitlements,Sex × Employment × Leave,40133.6,51490,1.2829648972432077,15.395578766918494,0.6665588658913902,1.9247585815657806
2023,Males,Part-time,With leave entitlements,Sex × Employment × Leave,41600,58630,1.409375,16.9125,0.6665588658913902,2.114404401650619
2024,Males,Part-time,With leave entitlements,Sex × Employment × Leave,42957.2,NA,NA,NA,0.6665588658913902,NA
2014,Males,Part-time,Without leave entitlements,Sex × Employment × Leave,15600,19992.5,1.2815705128205128,15.378846153846155,1.2815705128205128,1
2015,Males,Part-time,Without leave entitlements,Sex × Employment × Leave,16640,24645,1.4810697115384615,17.772836538461537,1.2815705128205128,1.1556677504064023
2016,Males,Part-time,Without leave entitlements,Sex × Employment × Leave,18200,27999,1.5384065934065934,18.46087912087912,1.2815705128205128,1.20040729559299
2017,Males,Part-time,Without leave entitlements,Sex × Employment × Leave,17472,29999,1.7169757326007327,20.603708791208792,1.2815705128205128,1.3397434752317834
2018,Males,Part-time,Without leave entitlements,Sex × Employment × Leave,19500,33880,1.7374358974358974,20.84923076923077,1.2815705128205128,1.3557083906464924
2019,Males,Part-time,Without leave entitlements,Sex × Employment × Leave,20800,36990,1.7783653846153846,21.340384615384615,1.2815705128205128,1.3876453670126296
2020,Males,Part-time,Without leave entitlements,Sex × Employment × Leave,20800,37990,1.8264423076923078,21.917307692307695,1.2815705128205128,1.4251594347880456
2021,Males,Part-time,Without leave entitlements,Sex × Employment × Leave,20014.8,42691.5,2.1329965825289285,25.595958990347143,1.2815705128205128,1.6643614699237856
2022,Males,Part-time,Without leave entitlements,Sex × Employment × Leave,22048,51490,2.335359216255443,28.024310595065316,1.2815705128205128,1.82226353750581
2023,Males,Part-time,Without leave entitlements,Sex × Employment × Leave,24018.8,58630,2.441004546438623,29.292054557263477,1.2815705128205128,1.9046978079000887
2024,Males,Part-time,Without leave entitlements,Sex × Employment × Leave,26228.8,NA,NA,NA,1.2815705128205128,NA
2014,Males,Total,Total,Sex × Employment × Leave,60996,19992.5,0.3277673945832514,3.933208734999017,0.3277673945832514,1
2015,Males,Total,Total,Sex × Employment × Leave,61464,24645,0.4009664193674346,4.811597032409216,0.3277673945832514,1.2233261330867096
2016,Males,Total,Total,Sex × Employment × Leave,62400,27999,0.4487019230769231,5.384423076923077,0.3277673945832514,1.368964486682506
2017,Males,Total,Total,Sex × Employment × Leave,62400,29999,0.48075320512820513,5.769038461538462,0.3277673945832514,1.4667511566837563
2018,Males,Total,Total,Sex × Employment × Leave,65416,33880,0.5179161061514003,6.214993273816804,0.3277673945832514,1.580133090449459
2019,Males,Total,Total,Sex × Employment × Leave,66560,36990,0.5557391826923077,6.6688701923076925,0.3277673945832514,1.6955291828185568
2020,Males,Total,Total,Sex × Employment × Leave,67600,37990,0.5619822485207101,6.743786982248521,0.3277673945832514,1.7145764276988487
2021,Males,Total,Total,Sex × Employment × Leave,71531.2,42691.5,0.5968234840181628,7.161881808217953,0.3277673945832514,1.8208750897172366
2022,Males,Total,Total,Sex × Employment × Leave,73372,51490,0.701766341383634,8.421196096603609,0.3277673945832514,2.1410498816574286
2023,Males,Total,Total,Sex × Employment × Leave,78000,58630,0.7516666666666667,9.02,0.3277673945832514,2.2932929848693258
2024,Males,Total,Total,Sex × Employment × Leave,82009.2,NA,NA,NA,0.3277673945832514,NA
2014,Males,Total,With leave entitlements,Sex × Employment × Leave,67600,19992.5,0.2957470414201183,3.54896449704142,0.2957470414201183,1
2015,Males,Total,With leave entitlements,Sex × Employment × Leave,67600,24645,0.36457100591715974,4.3748520710059164,0.2957470414201183,1.2327122671001627
2016,Males,Total,With leave entitlements,Sex × Employment × Leave,67860,27999,0.4125994694960212,4.951193633952254,0.2957470414201183,1.3951093729113937
2017,Males,Total,With leave entitlements,Sex × Employment × Leave,70200,29999,0.4273361823361823,5.128034188034188,0.2957470414201183,1.4449381481018346
2018,Males,Total,With leave entitlements,Sex × Employment × Leave,72800,33880,0.4653846153846154,5.584615384615384,0.2957470414201183,1.5735900962861076
2019,Males,Total,With leave entitlements,Sex × Employment × Leave,74776,36990,0.4946774366106772,5.936129239328126,0.2957470414201183,1.6726369746095677
2020,Males,Total,With leave entitlements,Sex × Employment × Leave,77480,37990,0.4903200826019618,5.883840991223542,0.2957470414201183,1.6579035930420218
2021,Males,Total,With leave entitlements,Sex × Employment × Leave,78000,42691.5,0.5473269230769231,6.567923076923077,0.2957470414201183,1.8506589971239218
2022,Males,Total,With leave entitlements,Sex × Employment × Leave,82534.40000000001,51490,0.6238610809553349,7.4863329714640185,0.2957470414201183,2.109441494189353
2023,Males,Total,With leave entitlements,Sex × Employment × Leave,86444.8,58630,0.6782362848893166,8.1388354186718,0.2957470414201183,2.2932986299121074
2024,Males,Total,With leave entitlements,Sex × Employment × Leave,89949.59999999999,NA,NA,NA,0.2957470414201183,NA
2014,Males,Total,Without leave entitlements,Sex × Employment × Leave,31200,19992.5,0.6407852564102564,7.689423076923077,0.6407852564102564,1
2015,Males,Total,Without leave entitlements,Sex × Employment × Leave,31200,24645,0.7899038461538461,9.478846153846153,0.6407852564102564,1.2327122671001625
2016,Males,Total,Without leave entitlements,Sex × Employment × Leave,31200,27999,0.8974038461538462,10.768846153846154,0.6407852564102564,1.4004751781918219
2017,Males,Total,Without leave entitlements,Sex × Employment × Leave,34559.200000000004,29999,0.8680467140443064,10.416560568531677,0.6407852564102564,1.3546608717360191
2018,Males,Total,Without leave entitlements,Sex × Employment × Leave,35880,33880,0.9442586399108138,11.331103678929766,0.6407852564102564,1.4735960767896656
2019,Males,Total,Without leave entitlements,Sex × Employment × Leave,36400,36990,1.0162087912087912,12.194505494505494,0.6407852564102564,1.5858804194430054
2020,Males,Total,Without leave entitlements,Sex × Employment × Leave,38506,37990,0.9865994909884174,11.839193891861008,0.6407852564102564,1.5396725831606164
2021,Males,Total,Without leave entitlements,Sex × Employment × Leave,36400,42691.5,1.1728434065934066,14.07412087912088,0.6407852564102564,1.8303220850676145
2022,Males,Total,Without leave entitlements,Sex × Employment × Leave,41220.4,51490,1.2491387759458907,14.989665311350688,0.6407852564102564,1.9493875107921366
2023,Males,Total,Without leave entitlements,Sex × Employment × Leave,40144,58630,1.4604922279792747,17.525906735751295,0.6407852564102564,2.279222584116712
2024,Males,Total,Without leave entitlements,Sex × Employment × Leave,43825.6,NA,NA,NA,0.6407852564102564,NA
2014,Persons,Full-time,Total,Sex × Employment × Leave,62816,19992.5,0.31827082272032603,3.8192498726439124,0.31827082272032603,1
2015,Persons,Full-time,Total,Sex × Employment × Leave,63960,24645,0.3853189493433396,4.623827392120075,0.31827082272032603,1.2106637550056882
2016,Persons,Full-time,Total,Sex × Employment × Leave,65000,27999,0.43075384615384615,5.169046153846153,0.31827082272032603,1.3534192122045767
2017,Persons,Full-time,Total,Sex × Employment × Leave,66612,29999,0.45035429051822495,5.404251486218699,0.31827082272032603,1.4150033819278638
2018,Persons,Full-time,Total,Sex × Employment × Leave,69784,33880,0.4854981084489281,5.825977301387137,0.31827082272032603,1.5254244932013439
2019,Persons,Full-time,Total,Sex × Employment × Leave,71500,36990,0.5173426573426574,6.208111888111889,0.31827082272032603,1.6254793729466734
2020,Persons,Full-time,Total,Sex × Employment × Leave,74620,37990,0.5091128383811311,6.1093540605735726,0.31827082272032603,1.5996214608352697
2021,Persons,Full-time,Total,Sex × Employment × Leave,77318.8,42691.5,0.5521490245580635,6.625788294696761,0.31827082272032603,1.7348402214149965
2022,Persons,Full-time,Total,Sex × Employment × Leave,78020.8,51490,0.6599522178701064,7.919426614441276,0.31827082272032603,2.073555509202381
2023,Persons,Full-time,Total,Sex × Employment × Leave,83200,58630,0.7046875,8.45625,0.31827082272032603,2.2141127922971116
2024,Persons,Full-time,Total,Sex × Employment × Leave,88400,NA,NA,NA,0.31827082272032603,NA
2014,Persons,Full-time,With leave entitlements,Sex × Employment × Leave,65000,19992.5,0.3075769230769231,3.690923076923077,0.3075769230769231,1
2015,Persons,Full-time,With leave entitlements,Sex × Employment × Leave,65000,24645,0.3791538461538462,4.549846153846154,0.3075769230769231,1.2327122671001627
2016,Persons,Full-time,With leave entitlements,Sex × Employment × Leave,66612,27999,0.42032967032967034,5.043956043956044,0.3075769230769231,1.3665838975330034
2017,Persons,Full-time,With leave entitlements,Sex × Employment × Leave,68796,29999,0.4360573289144718,5.232687946973662,0.3075769230769231,1.4177179632082364
2018,Persons,Full-time,With leave entitlements,Sex × Employment × Leave,71687.2,33880,0.47260877813612473,5.6713053376334965,0.3075769230769231,1.5365547369687687
2019,Persons,Full-time,With leave entitlements,Sex × Employment × Leave,72800,36990,0.5081043956043956,6.097252747252747,0.3075769230769231,1.6519587702531304
2020,Persons,Full-time,With leave entitlements,Sex × Employment × Leave,77220,37990,0.491970991970992,5.9036519036519035,0.3075769230769231,1.5995055384826549
2021,Persons,Full-time,With leave entitlements,Sex × Employment × Leave,78000,42691.5,0.5473269230769231,6.567923076923077,0.3075769230769231,1.7794798049268477
2022,Persons,Full-time,With leave entitlements,Sex × Employment × Leave,81224,51490,0.6339259332217079,7.607111198660494,0.3075769230769231,2.0610321700343133
2023,Persons,Full-time,With leave entitlements,Sex × Employment × Leave,84760,58630,0.691717791411043,8.300613496932515,0.3075769230769231,2.2489261693994145
2024,Persons,Full-time,With leave entitlements,Sex × Employment × Leave,90012,NA,NA,NA,0.3075769230769231,NA
2014,Persons,Full-time,Without leave entitlements,Sex × Employment × Leave,49920,19992.5,0.40049078525641024,4.805889423076923,0.40049078525641024,1
2015,Persons,Full-time,Without leave entitlements,Sex × Employment × Leave,52000,24645,0.4739423076923077,5.687307692307693,0.40049078525641024,1.1834037764161562
2016,Persons,Full-time,Without leave entitlements,Sex × Employment × Leave,52000,27999,0.5384423076923077,6.461307692307693,0.40049078525641024,1.3444561710641492
2017,Persons,Full-time,Without leave entitlements,Sex × Employment × Leave,52000,29999,0.5769038461538462,6.922846153846153,0.40049078525641024,1.4404921845692136
2018,Persons,Full-time,Without leave entitlements,Sex × Employment × Leave,57168.8,33880,0.5926309455507199,7.111571346608639,0.40049078525641024,1.4797617507511287
2019,Persons,Full-time,Without leave entitlements,Sex × Employment × Leave,56160,36990,0.6586538461538461,7.903846153846153,0.40049078525641024,1.644616731274228
2020,Persons,Full-time,Without leave entitlements,Sex × Employment × Leave,56160,37990,0.676460113960114,8.117521367521368,0.40049078525641024,1.6890778486376836
2021,Persons,Full-time,Without leave entitlements,Sex × Employment × Leave,58770.4,42691.5,0.7264115949525611,8.716939139430734,0.40049078525641024,1.813803517320588
2022,Persons,Full-time,Without leave entitlements,Sex × Employment × Leave,59956,51490,0.8587964507305357,10.305557408766429,0.40049078525641024,2.1443600760519366
2023,Persons,Full-time,Without leave entitlements,Sex × Employment × Leave,66440.40000000001,58630,0.8824450183924237,10.589340220709085,0.40049078525641024,2.203409044299102
2024,Persons,Full-time,Without leave entitlements,Sex × Employment × Leave,72800,NA,NA,NA,0.40049078525641024,NA
2014,Persons,Part-time,Total,Sex × Employment × Leave,23920,19992.5,0.835806856187291,10.029682274247492,0.835806856187291,1
2015,Persons,Part-time,Total,Sex × Employment × Leave,25116,24645,0.9812470138557096,11.774964166268514,0.835806856187291,1.1740116829525358
2016,Persons,Part-time,Total,Sex × Employment × Leave,25324,27999,1.1056310219554573,13.267572263465487,0.835806856187291,1.32283076379515
2017,Persons,Part-time,Total,Sex × Employment × Leave,26000,29999,1.1538076923076923,13.845692307692307,0.835806856187291,1.3804716768788294
2018,Persons,Part-time,Total,Sex × Employment × Leave,27300,33880,1.241025641025641,14.892307692307693,0.835806856187291,1.4848234754699678
2019,Persons,Part-time,Total,Sex × Employment × Leave,28548,36990,1.2957124842370744,15.548549810844893,0.835806856187291,1.5502534762011164
2020,Persons,Part-time,Total,Sex × Employment × Leave,35048,37990,1.0839420223693221,13.007304268431866,0.835806856187291,1.296880989124631
2021,Persons,Part-time,Total,Sex × Employment × Leave,31200,42691.5,1.3683173076923076,16.419807692307693,0.835806856187291,1.6371214205326996
2022,Persons,Part-time,Total,Sex × Employment × Leave,32084,51490,1.604849769355442,19.258197232265303,0.835806856187291,1.9201203692875914
2023,Persons,Part-time,Total,Sex × Employment × Leave,34164,58630,1.7161339421613395,20.593607305936075,0.835806856187291,2.0532661696385763
2024,Persons,Part-time,Total,Sex × Employment × Leave,35937.200000000004,NA,NA,NA,0.835806856187291,NA
2014,Persons,Part-time,With leave entitlements,Sex × Employment × Leave,32240,19992.5,0.6201147642679901,7.441377171215881,0.6201147642679901,1
2015,Persons,Part-time,With leave entitlements,Sex × Employment × Leave,33800,24645,0.7291420118343195,8.749704142011833,0.6201147642679901,1.1758178547724627
2016,Persons,Part-time,With leave entitlements,Sex × Employment × Leave,33800,27999,0.8283727810650887,9.940473372781064,0.6201147642679901,1.3358378622752762
2017,Persons,Part-time,With leave entitlements,Sex × Employment × Leave,35620,29999,0.8421953958450309,10.106344750140371,0.6201147642679901,1.358128276205767
2018,Persons,Part-time,With leave entitlements,Sex × Employment × Leave,36400,33880,0.9307692307692308,11.169230769230769,0.6201147642679901,1.5009628610729024
2019,Persons,Part-time,With leave entitlements,Sex × Employment × Leave,37544,36990,0.985243980396335,11.82292776475602,0.6201147642679901,1.5888090998113213
2020,Persons,Part-time,With leave entitlements,Sex × Employment × Leave,39000,37990,0.9741025641025641,11.68923076923077,0.6201147642679901,1.5708423992330458
2021,Persons,Part-time,With leave entitlements,Sex × Employment × Leave,39291.2,42691.5,1.0865410066376187,13.038492079651423,0.6201147642679901,1.7521611631360172
2022,Persons,Part-time,With leave entitlements,Sex × Employment × Leave,41652,51490,1.2361951406895226,14.834341688274272,0.6201147642679901,1.993494127089169
2023,Persons,Part-time,With leave entitlements,Sex × Employment × Leave,44397.6,58630,1.3205668774888732,15.84680252986648,0.6201147642679901,2.1295523886578103
2024,Persons,Part-time,With leave entitlements,Sex × Employment × Leave,46800,NA,NA,NA,0.6201147642679901,NA
2014,Persons,Part-time,Without leave entitlements,Sex × Employment × Leave,15600,19992.5,1.2815705128205128,15.378846153846155,1.2815705128205128,1
2015,Persons,Part-time,Without leave entitlements,Sex × Employment × Leave,16780.399999999998,24645,1.468677743081214,17.624132916974567,1.2815705128205128,1.1459983889992216
2016,Persons,Part-time,Without leave entitlements,Sex × Employment × Leave,17940,27999,1.5607023411371237,18.728428093645483,1.2815705128205128,1.2178045027754973
2017,Persons,Part-time,Without leave entitlements,Sex × Employment × Leave,18200,29999,1.6482967032967033,19.77956043956044,1.2815705128205128,1.286153736222512
2018,Persons,Part-time,Without leave entitlements,Sex × Employment × Leave,19500,33880,1.7374358974358974,20.84923076923077,1.2815705128205128,1.3557083906464924
2019,Persons,Part-time,Without leave entitlements,Sex × Employment × Leave,20280,36990,1.8239644970414202,21.887573964497044,1.2815705128205128,1.4232260174488511
2020,Persons,Part-time,Without leave entitlements,Sex × Employment × Leave,23400,37990,1.6235042735042735,19.48205128205128,1.2815705128205128,1.2668083864782627
2021,Persons,Part-time,Without leave entitlements,Sex × Employment × Leave,20800,42691.5,2.0524759615384616,24.62971153846154,1.2815705128205128,1.6015318244341628
2022,Persons,Part-time,Without leave entitlements,Sex × Employment × Leave,22048,51490,2.335359216255443,28.024310595065316,1.2815705128205128,1.82226353750581
2023,Persons,Part-time,Without leave entitlements,Sex × Employment × Leave,24440,58630,2.398936170212766,28.787234042553195,1.2815705128205128,1.8718721648277679
2024,Persons,Part-time,Without leave entitlements,Sex × Employment × Leave,23836.8,NA,NA,NA,1.2815705128205128,NA
2014,Persons,Total,Total,Sex × Employment × Leave,52000,19992.5,0.3844711538461538,4.613653846153846,0.3844711538461538,1
2015,Persons,Total,Total,Sex × Employment × Leave,52000,24645,0.4739423076923077,5.687307692307693,0.3844711538461538,1.2327122671001627
2016,Persons,Total,Total,Sex × Employment × Leave,52000,27999,0.5384423076923077,6.461307692307693,0.3844711538461538,1.400475178191822
2017,Persons,Total,Total,Sex × Employment × Leave,52832,29999,0.5678187462144155,6.813824954572986,0.3844711538461538,1.4768825711216511
2018,Persons,Total,Total,Sex × Employment × Leave,55848,33880,0.6066466122332044,7.2797593467984525,0.3844711538461538,1.5778728941416347
2019,Persons,Total,Total,Sex × Employment × Leave,57200,36990,0.6466783216783217,7.76013986013986,0.3844711538461538,1.6819943842577332
2020,Persons,Total,Total,Sex × Employment × Leave,59800,37990,0.6352842809364548,7.623411371237458,0.3844711538461538,1.6523587649716471
2021,Persons,Total,Total,Sex × Employment × Leave,62400,42691.5,0.6841586538461538,8.209903846153846,0.3844711538461538,1.7794798049268477
2022,Persons,Total,Total,Sex × Employment × Leave,64896,51490,0.7934233234714004,9.521079881656805,0.3844711538461538,2.063674518970255
2023,Persons,Total,Total,Sex × Employment × Leave,67600,58630,0.8673076923076923,10.407692307692308,0.3844711538461538,2.2558459422283357
2024,Persons,Total,Total,Sex × Employment × Leave,72592,NA,NA,NA,0.3844711538461538,NA
2014,Persons,Total,With leave entitlements,Sex × Employment × Leave,58604,19992.5,0.3411456555866494,4.093747867039792,0.3411456555866494,1
2015,Persons,Total,With leave entitlements,Sex × Employment × Leave,59800,24645,0.412123745819398,4.9454849498327755,0.3411456555866494,1.2080580217581591
2016,Persons,Total,With leave entitlements,Sex × Employment × Leave,59956,27999,0.466992461138168,5.603909533658016,0.3411456555866494,1.3688946451189794
2017,Persons,Total,With leave entitlements,Sex × Employment × Leave,62400,29999,0.48075320512820513,5.769038461538462,0.3411456555866494,1.4092315034804719
2018,Persons,Total,With leave entitlements,Sex × Employment × Leave,64220,33880,0.5275615073185923,6.330738087823107,0.3411456555866494,1.546440643986434
2019,Persons,Total,With leave entitlements,Sex × Employment × Leave,65000,36990,0.569076923076923,6.828923076923076,0.3411456555866494,1.6681347505314492
2020,Persons,Total,With leave entitlements,Sex × Employment × Leave,67600,37990,0.5619822485207101,6.743786982248521,0.3411456555866494,1.647338136416541
2021,Persons,Total,With leave entitlements,Sex × Employment × Leave,69888,42691.5,0.6108559409340659,7.330271291208791,0.3411456555866494,1.7906015537076403
2022,Persons,Total,With leave entitlements,Sex × Employment × Leave,73720.40000000001,51490,0.6984498185034264,8.381397822041116,0.3411456555866494,2.047365420211319
2023,Persons,Total,With leave entitlements,Sex × Employment × Leave,78000,58630,0.7516666666666667,9.02,0.3411456555866494,2.2033599266391564
2024,Persons,Total,With leave entitlements,Sex × Employment × Leave,80548,NA,NA,NA,0.3411456555866494,NA
2014,Persons,Total,Without leave entitlements,Sex × Employment × Leave,23400,19992.5,0.8543803418803418,10.252564102564103,0.8543803418803418,1
2015,Persons,Total,Without leave entitlements,Sex × Employment × Leave,24908,24645,0.9894411434077405,11.873293720892885,0.8543803418803418,1.1580804179437854
2016,Persons,Total,Without leave entitlements,Sex × Employment × Leave,26000,27999,1.0768846153846154,12.922615384615385,0.8543803418803418,1.2604276603726399
2017,Persons,Total,Without leave entitlements,Sex × Employment × Leave,26000,29999,1.1538076923076923,13.845692307692307,0.8543803418803418,1.3504614230336376
2018,Persons,Total,Without leave entitlements,Sex × Employment × Leave,27300,33880,1.241025641025641,14.892307692307693,0.8543803418803418,1.452544704264099
2019,Persons,Total,Without leave entitlements,Sex × Employment × Leave,28496,36990,1.2980769230769231,15.576923076923077,0.8543803418803418,1.5193197449043392
2020,Persons,Total,Without leave entitlements,Sex × Employment × Leave,32240,37990,1.178349875930521,14.140198511166254,0.8543803418803418,1.3791865497948828
2021,Persons,Total,Without leave entitlements,Sex × Employment × Leave,30264,42691.5,1.4106363996827915,16.927636796193497,0.8543803418803418,1.6510637365300649
2022,Persons,Total,Without leave entitlements,Sex × Employment × Leave,32760,51490,1.5717338217338217,18.86080586080586,0.8543803418803418,1.8396184283391988
2023,Persons,Total,Without leave entitlements,Sex × Employment × Leave,33181.200000000004,58630,1.7669644256386143,21.203573107663374,0.8543803418803418,2.0681239244688547
2024,Persons,Total,Without leave entitlements,Sex × Employment × Leave,34216,NA,NA,NA,0.8543803418803418,NA
