year,half,region,sex,weekly_ote
2012,1,ACT,Females,1470.0
2012,2,ACT,Females,1525.5
2013,1,ACT,Females,1546.9
2013,2,ACT,Females,1589.4
2014,1,ACT,Females,1564.0
2014,2,ACT,Females,1587.7
2015,1,ACT,Females,1589.3
2015,2,ACT,Females,1602.6
2016,1,ACT,Females,1616.1
2016,2,ACT,Females,1627.0
2017,1,ACT,Females,1642.9
2017,2,ACT,Females,1670.8
2018,1,ACT,Females,1670.8
2018,2,ACT,Females,1661.6
2019,1,ACT,Females,1688.6
2019,2,ACT,Females,1741.6
2020,1,ACT,Females,1780.5
2020,2,ACT,Females,1825.1
2021,1,ACT,Females,1821.7
2021,2,ACT,Females,1893.6
2022,1,ACT,Females,1862.1
2022,2,ACT,Females,1914.6
2023,1,ACT,Females,1911.4
2023,2,ACT,Females,1972.9
2024,1,ACT,Females,2027.3
2024,2,ACT,Females,2096.2
2025,1,ACT,Females,2156.9
2025,2,ACT,Females,2183.3
2026,1,ACT,Females,2244.2
2012,1,ACT,Males,1697.0
2012,2,ACT,Males,1741.6
2013,1,ACT,Males,1827.2
2013,2,ACT,Males,1739.4
2014,1,ACT,Males,1740.3
2014,2,ACT,Males,1795.1
2015,1,ACT,Males,1799.8
2015,2,ACT,Males,1807.4
2016,1,ACT,Males,1811.8
2016,2,ACT,Males,1840.0
2017,1,ACT,Males,1876.7
2017,2,ACT,Males,1910.0
2018,1,ACT,Males,1924.2
2018,2,ACT,Males,1941.3
2019,1,ACT,Males,1920.1
2019,2,ACT,Males,1908.9
2020,1,ACT,Males,1937.3
2020,2,ACT,Males,1947.0
2021,1,ACT,Males,1979.0
2021,2,ACT,Males,2055.1
2022,1,ACT,Males,2099.6
2022,2,ACT,Males,2116.2
2023,1,ACT,Males,2129.0
2023,2,ACT,Males,2189.9
2024,1,ACT,Males,2215.3
2024,2,ACT,Males,2250.7
2025,1,ACT,Males,2305.3
2025,2,ACT,Males,2306.3
2026,1,ACT,Males,2331.9
2012,1,ACT,Persons,1594.0
2012,2,ACT,Persons,1645.1
2013,1,ACT,Persons,1702.0
2013,2,ACT,Persons,1671.9
2014,1,ACT,Persons,1663.4
2014,2,ACT,Persons,1702.1
2015,1,ACT,Persons,1707.0
2015,2,ACT,Persons,1715.6
2016,1,ACT,Persons,1725.4
2016,2,ACT,Persons,1747.0
2017,1,ACT,Persons,1774.1
2017,2,ACT,Persons,1803.1
2018,1,ACT,Persons,1810.1
2018,2,ACT,Persons,1813.3
2019,1,ACT,Persons,1809.7
2019,2,ACT,Persons,1829.8
2020,1,ACT,Persons,1861.4
2020,2,ACT,Persons,1890.2
2021,1,ACT,Persons,1908.6
2021,2,ACT,Persons,1980.5
2022,1,ACT,Persons,1983.7
2022,2,ACT,Persons,2019.1
2023,1,ACT,Persons,2022.9
2023,2,ACT,Persons,2087.6
2024,1,ACT,Persons,2126.5
2024,2,ACT,Persons,2178.4
2025,1,ACT,Persons,2232.2
2025,2,ACT,Persons,2248.4
2026,1,ACT,Persons,2290.2
2012,1,AUS,Females,1189.6
2012,2,AUS,Females,1230.1
2013,1,AUS,Females,1250.5
2013,2,AUS,Females,1270.5
2014,1,AUS,Females,1274.4
2014,2,AUS,Females,1292.7
2015,1,AUS,Females,1307.4
2015,2,AUS,Females,1327.6
2016,1,AUS,Females,1352.1
2016,2,AUS,Females,1370.3
2017,1,AUS,Females,1386.6
2017,2,AUS,Females,1410.8
2018,1,AUS,Females,1433.4
2018,2,AUS,Females,1456.5
2019,1,AUS,Females,1485.5
2019,2,AUS,Females,1508.3
2020,1,AUS,Females,1558.4
2020,2,AUS,Females,1562.0
2021,1,AUS,Females,1575.5
2021,2,AUS,Females,1591.2
2022,1,AUS,Females,1609.0
2022,2,AUS,Females,1653.6
2023,1,AUS,Females,1686.0
2023,2,AUS,Females,1744.8
2024,1,AUS,Females,1782.8
2024,2,AUS,Females,1826.4
2025,1,AUS,Females,1864.1
2025,2,AUS,Females,1900.6
2026,1,AUS,Females,1934.5
2012,1,AUS,Males,1443.5
2012,2,AUS,Males,1491.8
2013,1,AUS,Males,1516.4
2013,2,AUS,Males,1532.1
2014,1,AUS,Males,1560.5
2014,2,AUS,Males,1587.5
2015,1,AUS,Males,1591.6
2015,2,AUS,Males,1603.6
2016,1,AUS,Males,1613.5
2016,2,AUS,Males,1631.9
2017,1,AUS,Males,1637.2
2017,2,AUS,Males,1665.0
2018,1,AUS,Males,1677.1
2018,2,AUS,Males,1696.5
2019,1,AUS,Males,1727.7
2019,2,AUS,Males,1750.8
2020,1,AUS,Males,1812.0
2020,2,AUS,Males,1804.2
2021,1,AUS,Males,1837.0
2021,2,AUS,Males,1846.5
2022,1,AUS,Males,1872.9
2022,2,AUS,Males,1907.1
2023,1,AUS,Males,1938.3
2023,2,AUS,Males,1982.8
2024,1,AUS,Males,2014.3
2024,2,AUS,Males,2072.7
2025,1,AUS,Males,2106.4
2025,2,AUS,Males,2147.8
2026,1,AUS,Males,2181.0
2012,1,AUS,Persons,1349.2
2012,2,AUS,Persons,1396.0
2013,1,AUS,Persons,1420.9
2013,2,AUS,Persons,1437.0
2014,1,AUS,Persons,1454.1
2014,2,AUS,Persons,1477.0
2015,1,AUS,Persons,1483.1
2015,2,AUS,Persons,1500.5
2016,1,AUS,Persons,1516.0
2016,2,AUS,Persons,1533.4
2017,1,AUS,Persons,1543.2
2017,2,AUS,Persons,1569.6
2018,1,AUS,Persons,1585.3
2018,2,AUS,Persons,1605.5
2019,1,AUS,Persons,1634.8
2019,2,AUS,Persons,1658.4
2020,1,AUS,Persons,1713.9
2020,2,AUS,Persons,1711.6
2021,1,AUS,Persons,1737.1
2021,2,AUS,Persons,1748.4
2022,1,AUS,Persons,1769.8
2022,2,AUS,Persons,1807.7
2023,1,AUS,Persons,1838.1
2023,2,AUS,Persons,1888.8
2024,1,AUS,Persons,1923.4
2024,2,AUS,Persons,1975.8
2025,1,AUS,Persons,2010.0
2025,2,AUS,Persons,2051.1
2026,1,AUS,Persons,2083.7
2012,1,NSW,Females,1212.2
2012,2,NSW,Females,1249.2
2013,1,NSW,Females,1271.1
2013,2,NSW,Females,1293.2
2014,1,NSW,Females,1300.1
2014,2,NSW,Females,1306.6
2015,1,NSW,Females,1322.8
2015,2,NSW,Females,1348.7
2016,1,NSW,Females,1368.1
2016,2,NSW,Females,1380.8
2017,1,NSW,Females,1398.8
2017,2,NSW,Females,1441.8
2018,1,NSW,Females,1466.0
2018,2,NSW,Females,1479.8
2019,1,NSW,Females,1509.1
2019,2,NSW,Females,1528.2
2020,1,NSW,Females,1578.5
2020,2,NSW,Females,1600.4
2021,1,NSW,Females,1600.2
2021,2,NSW,Females,1627.2
2022,1,NSW,Females,1651.8
2022,2,NSW,Females,1686.1
2023,1,NSW,Females,1697.0
2023,2,NSW,Females,1760.2
2024,1,NSW,Females,1814.9
2024,2,NSW,Females,1842.0
2025,1,NSW,Females,1898.0
2025,2,NSW,Females,1936.1
2026,1,NSW,Females,1970.7
2012,1,NSW,Males,1442.0
2012,2,NSW,Males,1486.5
2013,1,NSW,Males,1486.2
2013,2,NSW,Males,1499.3
2014,1,NSW,Males,1558.3
2014,2,NSW,Males,1611.9
2015,1,NSW,Males,1635.9
2015,2,NSW,Males,1639.3
2016,1,NSW,Males,1652.7
2016,2,NSW,Males,1634.0
2017,1,NSW,Males,1642.1
2017,2,NSW,Males,1682.2
2018,1,NSW,Males,1698.7
2018,2,NSW,Males,1717.3
2019,1,NSW,Males,1768.4
2019,2,NSW,Males,1778.8
2020,1,NSW,Males,1864.5
2020,2,NSW,Males,1848.2
2021,1,NSW,Males,1871.8
2021,2,NSW,Males,1848.1
2022,1,NSW,Males,1885.2
2022,2,NSW,Males,1894.3
2023,1,NSW,Males,1924.8
2023,2,NSW,Males,1977.5
2024,1,NSW,Males,2013.0
2024,2,NSW,Males,2080.4
2025,1,NSW,Males,2158.7
2025,2,NSW,Males,2184.2
2026,1,NSW,Males,2204.5
2012,1,NSW,Persons,1355.2
2012,2,NSW,Persons,1398.9
2013,1,NSW,Persons,1407.8
2013,2,NSW,Persons,1421.1
2014,1,NSW,Persons,1459.0
2014,2,NSW,Persons,1492.3
2015,1,NSW,Persons,1512.1
2015,2,NSW,Persons,1527.3
2016,1,NSW,Persons,1541.0
2016,2,NSW,Persons,1535.8
2017,1,NSW,Persons,1545.8
2017,2,NSW,Persons,1585.9
2018,1,NSW,Persons,1606.1
2018,2,NSW,Persons,1622.1
2019,1,NSW,Persons,1664.1
2019,2,NSW,Persons,1680.2
2020,1,NSW,Persons,1748.9
2020,2,NSW,Persons,1751.9
2021,1,NSW,Persons,1764.3
2021,2,NSW,Persons,1761.1
2022,1,NSW,Persons,1790.0
2022,2,NSW,Persons,1810.2
2023,1,NSW,Persons,1831.9
2023,2,NSW,Persons,1891.4
2024,1,NSW,Persons,1935.7
2024,2,NSW,Persons,1985.6
2025,1,NSW,Persons,2052.0
2025,2,NSW,Persons,2084.0
2026,1,NSW,Persons,2108.8
2012,1,NT,Females,1232.3
2012,2,NT,Females,1241.3
2013,1,NT,Females,1259.4
2013,2,NT,Females,1268.3
2014,1,NT,Females,1255.3
2014,2,NT,Females,1293.2
2015,1,NT,Females,1344.3
2015,2,NT,Females,1354.9
2016,1,NT,Females,1359.2
2016,2,NT,Females,1400.0
2017,1,NT,Females,1401.0
2017,2,NT,Females,1440.7
2018,1,NT,Females,1461.2
2018,2,NT,Females,1505.9
2019,1,NT,Females,1553.7
2019,2,NT,Females,1558.2
2020,1,NT,Females,1582.2
2020,2,NT,Females,1572.9
2021,1,NT,Females,1565.7
2021,2,NT,Females,1579.4
2022,1,NT,Females,1592.7
2022,2,NT,Females,1603.2
2023,1,NT,Females,1614.1
2023,2,NT,Females,1671.1
2024,1,NT,Females,1712.1
2024,2,NT,Females,1771.8
2025,1,NT,Females,1796.9
2025,2,NT,Females,1827.5
2026,1,NT,Females,1853.5
2012,1,NT,Males,1543.4
2012,2,NT,Males,1549.8
2013,1,NT,Males,1587.2
2013,2,NT,Males,1592.1
2014,1,NT,Males,1548.1
2014,2,NT,Males,1578.4
2015,1,NT,Males,1643.5
2015,2,NT,Males,1696.8
2016,1,NT,Males,1717.9
2016,2,NT,Males,1806.8
2017,1,NT,Males,1783.6
2017,2,NT,Males,1802.1
2018,1,NT,Males,1846.7
2018,2,NT,Males,1762.9
2019,1,NT,Males,1808.7
2019,2,NT,Males,1787.8
2020,1,NT,Males,1806.8
2020,2,NT,Males,1822.2
2021,1,NT,Males,1796.6
2021,2,NT,Males,1795.0
2022,1,NT,Males,1812.4
2022,2,NT,Males,1868.2
2023,1,NT,Males,1912.1
2023,2,NT,Males,1974.9
2024,1,NT,Males,1976.3
2024,2,NT,Males,2000.0
2025,1,NT,Males,2052.2
2025,2,NT,Males,2037.1
2026,1,NT,Males,2095.3
2012,1,NT,Persons,1408.6
2012,2,NT,Persons,1417.4
2013,1,NT,Persons,1449.3
2013,2,NT,Persons,1448.9
2014,1,NT,Persons,1417.2
2014,2,NT,Persons,1453.9
2015,1,NT,Persons,1513.5
2015,2,NT,Persons,1553.0
2016,1,NT,Persons,1569.7
2016,2,NT,Persons,1638.5
2017,1,NT,Persons,1616.5
2017,2,NT,Persons,1647.9
2018,1,NT,Persons,1668.5
2018,2,NT,Persons,1643.3
2019,1,NT,Persons,1690.3
2019,2,NT,Persons,1685.1
2020,1,NT,Persons,1701.6
2020,2,NT,Persons,1703.7
2021,1,NT,Persons,1695.2
2021,2,NT,Persons,1698.6
2022,1,NT,Persons,1710.3
2022,2,NT,Persons,1744.1
2023,1,NT,Persons,1775.9
2023,2,NT,Persons,1832.8
2024,1,NT,Persons,1845.8
2024,2,NT,Persons,1886.6
2025,1,NT,Persons,1927.0
2025,2,NT,Persons,1942.3
2026,1,NT,Persons,1984.1
2012,1,QLD,Females,1144.3
2012,2,QLD,Females,1188.1
2013,1,QLD,Females,1206.4
2013,2,QLD,Females,1223.2
2014,1,QLD,Females,1216.5
2014,2,QLD,Females,1262.7
2015,1,QLD,Females,1269.9
2015,2,QLD,Females,1277.7
2016,1,QLD,Females,1303.3
2016,2,QLD,Females,1321.0
2017,1,QLD,Females,1331.1
2017,2,QLD,Females,1340.9
2018,1,QLD,Females,1369.8
2018,2,QLD,Females,1390.7
2019,1,QLD,Females,1411.2
2019,2,QLD,Females,1443.2
2020,1,QLD,Females,1485.1
2020,2,QLD,Females,1474.9
2021,1,QLD,Females,1479.2
2021,2,QLD,Females,1498.5
2022,1,QLD,Females,1533.0
2022,2,QLD,Females,1590.0
2023,1,QLD,Females,1637.8
2023,2,QLD,Females,1709.8
2024,1,QLD,Females,1750.6
2024,2,QLD,Females,1819.3
2025,1,QLD,Females,1840.8
2025,2,QLD,Females,1854.7
2026,1,QLD,Females,1908.2
2012,1,QLD,Males,1435.4
2012,2,QLD,Males,1483.2
2013,1,QLD,Males,1554.6
2013,2,QLD,Males,1540.3
2014,1,QLD,Males,1584.4
2014,2,QLD,Males,1576.2
2015,1,QLD,Males,1550.8
2015,2,QLD,Males,1552.9
2016,1,QLD,Males,1558.3
2016,2,QLD,Males,1580.3
2017,1,QLD,Males,1599.2
2017,2,QLD,Males,1641.5
2018,1,QLD,Males,1650.1
2018,2,QLD,Males,1687.6
2019,1,QLD,Males,1685.5
2019,2,QLD,Males,1719.1
2020,1,QLD,Males,1748.7
2020,2,QLD,Males,1707.7
2021,1,QLD,Males,1751.5
2021,2,QLD,Males,1780.2
2022,1,QLD,Males,1814.6
2022,2,QLD,Males,1865.3
2023,1,QLD,Males,1887.8
2023,2,QLD,Males,1931.5
2024,1,QLD,Males,2002.1
2024,2,QLD,Males,2039.6
2025,1,QLD,Males,2023.6
2025,2,QLD,Males,2076.9
2026,1,QLD,Males,2122.0
2012,1,QLD,Persons,1322.4
2012,2,QLD,Persons,1370.1
2013,1,QLD,Persons,1423.6
2013,2,QLD,Persons,1422.0
2014,1,QLD,Persons,1438.8
2014,2,QLD,Persons,1456.9
2015,1,QLD,Persons,1440.9
2015,2,QLD,Persons,1446.7
2016,1,QLD,Persons,1460.3
2016,2,QLD,Persons,1482.1
2017,1,QLD,Persons,1496.1
2017,2,QLD,Persons,1527.8
2018,1,QLD,Persons,1541.9
2018,2,QLD,Persons,1574.0
2019,1,QLD,Persons,1577.2
2019,2,QLD,Persons,1609.3
2020,1,QLD,Persons,1645.4
2020,2,QLD,Persons,1615.4
2021,1,QLD,Persons,1646.7
2021,2,QLD,Persons,1671.4
2022,1,QLD,Persons,1705.1
2022,2,QLD,Persons,1760.7
2023,1,QLD,Persons,1791.0
2023,2,QLD,Persons,1844.7
2024,1,QLD,Persons,1901.0
2024,2,QLD,Persons,1953.7
2025,1,QLD,Persons,1953.7
2025,2,QLD,Persons,1994.5
2026,1,QLD,Persons,2039.7
2012,1,SA,Females,1099.5
2012,2,SA,Females,1146.0
2013,1,SA,Females,1145.4
2013,2,SA,Females,1170.5
2014,1,SA,Females,1204.0
2014,2,SA,Females,1228.2
2015,1,SA,Females,1246.7
2015,2,SA,Females,1278.8
2016,1,SA,Females,1305.8
2016,2,SA,Females,1341.8
2017,1,SA,Females,1352.3
2017,2,SA,Females,1340.3
2018,1,SA,Females,1352.6
2018,2,SA,Females,1374.2
2019,1,SA,Females,1385.2
2019,2,SA,Females,1403.0
2020,1,SA,Females,1441.2
2020,2,SA,Females,1459.4
2021,1,SA,Females,1496.2
2021,2,SA,Females,1511.4
2022,1,SA,Females,1542.4
2022,2,SA,Females,1568.5
2023,1,SA,Females,1601.8
2023,2,SA,Females,1628.8
2024,1,SA,Females,1662.2
2024,2,SA,Females,1736.2
2025,1,SA,Females,1792.2
2025,2,SA,Females,1845.1
2026,1,SA,Females,1858.0
2012,1,SA,Males,1302.2
2012,2,SA,Males,1341.1
2013,1,SA,Males,1356.4
2013,2,SA,Males,1399.6
2014,1,SA,Males,1444.3
2014,2,SA,Males,1412.2
2015,1,SA,Males,1401.8
2015,2,SA,Males,1425.0
2016,1,SA,Males,1473.0
2016,2,SA,Males,1504.5
2017,1,SA,Males,1499.7
2017,2,SA,Males,1494.8
2018,1,SA,Males,1499.6
2018,2,SA,Males,1514.7
2019,1,SA,Males,1528.0
2019,2,SA,Males,1564.4
2020,1,SA,Males,1574.4
2020,2,SA,Males,1589.0
2021,1,SA,Males,1607.1
2021,2,SA,Males,1633.4
2022,1,SA,Males,1662.9
2022,2,SA,Males,1704.3
2023,1,SA,Males,1717.0
2023,2,SA,Males,1793.8
2024,1,SA,Males,1843.2
2024,2,SA,Males,1930.3
2025,1,SA,Males,1959.7
2025,2,SA,Males,1991.2
2026,1,SA,Males,2043.2
2012,1,SA,Persons,1230.2
2012,2,SA,Persons,1276.0
2013,1,SA,Persons,1282.3
2013,2,SA,Persons,1318.8
2014,1,SA,Persons,1359.1
2014,2,SA,Persons,1346.4
2015,1,SA,Persons,1348.2
2015,2,SA,Persons,1376.0
2016,1,SA,Persons,1414.9
2016,2,SA,Persons,1446.0
2017,1,SA,Persons,1447.6
2017,2,SA,Persons,1441.5
2018,1,SA,Persons,1448.6
2018,2,SA,Persons,1462.2
2019,1,SA,Persons,1475.1
2019,2,SA,Persons,1503.8
2020,1,SA,Persons,1522.9
2020,2,SA,Persons,1542.6
2021,1,SA,Persons,1569.9
2021,2,SA,Persons,1591.4
2022,1,SA,Persons,1622.9
2022,2,SA,Persons,1658.0
2023,1,SA,Persons,1677.8
2023,2,SA,Persons,1735.4
2024,1,SA,Persons,1776.9
2024,2,SA,Persons,1857.4
2025,1,SA,Persons,1894.1
2025,2,SA,Persons,1935.1
2026,1,SA,Persons,1970.2
2012,1,TAS,Females,1105.2
2012,2,TAS,Females,1153.2
2013,1,TAS,Females,1184.2
2013,2,TAS,Females,1174.7
2014,1,TAS,Females,1148.2
2014,2,TAS,Females,1158.9
2015,1,TAS,Females,1188.0
2015,2,TAS,Females,1202.0
2016,1,TAS,Females,1217.6
2016,2,TAS,Females,1238.6
2017,1,TAS,Females,1243.0
2017,2,TAS,Females,1256.6
2018,1,TAS,Females,1288.0
2018,2,TAS,Females,1300.1
2019,1,TAS,Females,1322.1
2019,2,TAS,Females,1364.5
2020,1,TAS,Females,1403.7
2020,2,TAS,Females,1420.2
2021,1,TAS,Females,1436.9
2021,2,TAS,Females,1450.6
2022,1,TAS,Females,1490.7
2022,2,TAS,Females,1525.1
2023,1,TAS,Females,1565.7
2023,2,TAS,Females,1612.2
2024,1,TAS,Females,1654.7
2024,2,TAS,Females,1705.0
2025,1,TAS,Females,1771.1
2025,2,TAS,Females,1813.8
2026,1,TAS,Females,1830.2
2012,1,TAS,Males,1245.1
2012,2,TAS,Males,1262.7
2013,1,TAS,Males,1305.7
2013,2,TAS,Males,1316.3
2014,1,TAS,Males,1299.9
2014,2,TAS,Males,1329.2
2015,1,TAS,Males,1345.2
2015,2,TAS,Males,1379.7
2016,1,TAS,Males,1400.4
2016,2,TAS,Males,1401.0
2017,1,TAS,Males,1414.1
2017,2,TAS,Males,1405.8
2018,1,TAS,Males,1427.4
2018,2,TAS,Males,1452.8
2019,1,TAS,Males,1473.2
2019,2,TAS,Males,1498.0
2020,1,TAS,Males,1534.7
2020,2,TAS,Males,1527.8
2021,1,TAS,Males,1568.2
2021,2,TAS,Males,1596.3
2022,1,TAS,Males,1612.3
2022,2,TAS,Males,1621.9
2023,1,TAS,Males,1652.1
2023,2,TAS,Males,1704.3
2024,1,TAS,Males,1741.6
2024,2,TAS,Males,1799.7
2025,1,TAS,Males,1805.1
2025,2,TAS,Males,1825.2
2026,1,TAS,Males,1854.9
2012,1,TAS,Persons,1196.9
2012,2,TAS,Persons,1226.6
2013,1,TAS,Persons,1265.7
2013,2,TAS,Persons,1268.8
2014,1,TAS,Persons,1246.8
2014,2,TAS,Persons,1266.8
2015,1,TAS,Persons,1289.0
2015,2,TAS,Persons,1318.7
2016,1,TAS,Persons,1334.7
2016,2,TAS,Persons,1345.1
2017,1,TAS,Persons,1352.8
2017,2,TAS,Persons,1356.2
2018,1,TAS,Persons,1379.3
2018,2,TAS,Persons,1399.5
2019,1,TAS,Persons,1420.5
2019,2,TAS,Persons,1449.9
2020,1,TAS,Persons,1488.1
2020,2,TAS,Persons,1488.1
2021,1,TAS,Persons,1520.7
2021,2,TAS,Persons,1541.7
2022,1,TAS,Persons,1568.5
2022,2,TAS,Persons,1586.4
2023,1,TAS,Persons,1619.3
2023,2,TAS,Persons,1670.0
2024,1,TAS,Persons,1710.8
2024,2,TAS,Persons,1765.6
2025,1,TAS,Persons,1793.0
2025,2,TAS,Persons,1821.2
2026,1,TAS,Persons,1846.3
2012,1,VIC,Females,1163.4
2012,2,VIC,Females,1204.2
2013,1,VIC,Females,1213.9
2013,2,VIC,Females,1235.8
2014,1,VIC,Females,1250.4
2014,2,VIC,Females,1258.2
2015,1,VIC,Females,1274.0
2015,2,VIC,Females,1290.5
2016,1,VIC,Females,1335.9
2016,2,VIC,Females,1359.9
2017,1,VIC,Females,1379.2
2017,2,VIC,Females,1394.8
2018,1,VIC,Females,1422.6
2018,2,VIC,Females,1468.8
2019,1,VIC,Females,1505.2
2019,2,VIC,Females,1539.3
2020,1,VIC,Females,1601.2
2020,2,VIC,Females,1592.3
2021,1,VIC,Females,1613.0
2021,2,VIC,Females,1596.6
2022,1,VIC,Females,1589.0
2022,2,VIC,Females,1640.1
2023,1,VIC,Females,1683.7
2023,2,VIC,Females,1733.3
2024,1,VIC,Females,1757.4
2024,2,VIC,Females,1794.8
2025,1,VIC,Females,1821.3
2025,2,VIC,Females,1869.1
2026,1,VIC,Females,1889.6
2012,1,VIC,Males,1372.4
2012,2,VIC,Males,1403.4
2013,1,VIC,Males,1403.9
2013,2,VIC,Males,1471.1
2014,1,VIC,Males,1452.2
2014,2,VIC,Males,1477.6
2015,1,VIC,Males,1471.3
2015,2,VIC,Males,1503.6
2016,1,VIC,Males,1520.4
2016,2,VIC,Males,1583.5
2017,1,VIC,Males,1579.0
2017,2,VIC,Males,1596.8
2018,1,VIC,Males,1612.3
2018,2,VIC,Males,1622.1
2019,1,VIC,Males,1665.6
2019,2,VIC,Males,1706.1
2020,1,VIC,Males,1770.7
2020,2,VIC,Males,1794.2
2021,1,VIC,Males,1836.7
2021,2,VIC,Males,1862.4
2022,1,VIC,Males,1854.2
2022,2,VIC,Males,1896.3
2023,1,VIC,Males,1933.5
2023,2,VIC,Males,1940.9
2024,1,VIC,Males,1962.7
2024,2,VIC,Males,2015.0
2025,1,VIC,Males,2049.0
2025,2,VIC,Males,2107.9
2026,1,VIC,Males,2140.9
2012,1,VIC,Persons,1297.6
2012,2,VIC,Persons,1331.0
2013,1,VIC,Persons,1338.5
2013,2,VIC,Persons,1389.1
2014,1,VIC,Persons,1380.1
2014,2,VIC,Persons,1396.6
2015,1,VIC,Persons,1396.6
2015,2,VIC,Persons,1424.8
2016,1,VIC,Persons,1454.5
2016,2,VIC,Persons,1500.1
2017,1,VIC,Persons,1507.7
2017,2,VIC,Persons,1524.3
2018,1,VIC,Persons,1545.3
2018,2,VIC,Persons,1568.8
2019,1,VIC,Persons,1608.3
2019,2,VIC,Persons,1646.7
2020,1,VIC,Persons,1709.0
2020,2,VIC,Persons,1718.5
2021,1,VIC,Persons,1750.7
2021,2,VIC,Persons,1759.8
2022,1,VIC,Persons,1750.7
2022,2,VIC,Persons,1793.9
2023,1,VIC,Persons,1832.9
2023,2,VIC,Persons,1858.1
2024,1,VIC,Persons,1882.0
2024,2,VIC,Persons,1927.9
2025,1,VIC,Persons,1959.6
2025,2,VIC,Persons,2013.7
2026,1,VIC,Persons,2041.1
2012,1,WA,Females,1241.9
2012,2,WA,Females,1277.6
2013,1,WA,Females,1325.5
2013,2,WA,Females,1338.2
2014,1,WA,Females,1336.3
2014,2,WA,Females,1358.3
2015,1,WA,Females,1373.2
2015,2,WA,Females,1401.5
2016,1,WA,Females,1401.2
2016,2,WA,Females,1411.7
2017,1,WA,Females,1432.3
2017,2,WA,Females,1458.5
2018,1,WA,Females,1462.2
2018,2,WA,Females,1472.2
2019,1,WA,Females,1508.7
2019,2,WA,Females,1497.1
2020,1,WA,Females,1544.1
2020,2,WA,Females,1539.3
2021,1,WA,Females,1585.5
2021,2,WA,Females,1611.6
2022,1,WA,Females,1631.3
2022,2,WA,Females,1684.7
2023,1,WA,Females,1741.7
2023,2,WA,Females,1802.0
2024,1,WA,Females,1819.7
2024,2,WA,Females,1860.3
2025,1,WA,Females,1869.8
2025,2,WA,Females,1905.3
2026,1,WA,Females,1945.1
2012,1,WA,Males,1659.8
2012,2,WA,Males,1746.7
2013,1,WA,Males,1804.7
2013,2,WA,Males,1754.1
2014,1,WA,Males,1788.9
2014,2,WA,Males,1826.4
2015,1,WA,Males,1857.2
2015,2,WA,Males,1861.9
2016,1,WA,Males,1843.5
2016,2,WA,Males,1855.4
2017,1,WA,Males,1853.8
2017,2,WA,Males,1883.0
2018,1,WA,Males,1884.0
2018,2,WA,Males,1915.9
2019,1,WA,Males,1923.1
2019,2,WA,Males,1928.1
2020,1,WA,Males,1998.1
2020,2,WA,Males,1995.6
2021,1,WA,Males,2028.8
2021,2,WA,Males,2045.9
2022,1,WA,Males,2103.0
2022,2,WA,Males,2162.8
2023,1,WA,Males,2216.3
2023,2,WA,Males,2301.6
2024,1,WA,Males,2257.6
2024,2,WA,Males,2330.1
2025,1,WA,Males,2326.8
2025,2,WA,Males,2359.7
2026,1,WA,Males,2378.7
2012,1,WA,Persons,1516.8
2012,2,WA,Persons,1590.6
2013,1,WA,Persons,1644.8
2013,2,WA,Persons,1620.0
2014,1,WA,Persons,1641.2
2014,2,WA,Persons,1673.1
2015,1,WA,Persons,1691.2
2015,2,WA,Persons,1708.7
2016,1,WA,Persons,1698.6
2016,2,WA,Persons,1703.2
2017,1,WA,Persons,1714.7
2017,2,WA,Persons,1742.8
2018,1,WA,Persons,1740.3
2018,2,WA,Persons,1757.1
2019,1,WA,Persons,1780.8
2019,2,WA,Persons,1777.8
2020,1,WA,Persons,1840.8
2020,2,WA,Persons,1840.5
2021,1,WA,Persons,1879.7
2021,2,WA,Persons,1895.8
2022,1,WA,Persons,1937.3
2022,2,WA,Persons,1988.5
2023,1,WA,Persons,2039.3
2023,2,WA,Persons,2107.7
2024,1,WA,Persons,2094.3
2024,2,WA,Persons,2156.8
2025,1,WA,Persons,2154.7
2025,2,WA,Persons,2193.2
2026,1,WA,Persons,2227.4
