region,sex,year,weekly_ote
ACT,Females,2012,1497.75
ACT,Females,2013,1568.15
ACT,Females,2014,1575.85
ACT,Females,2015,1595.9499999999998
ACT,Females,2016,1621.55
ACT,Females,2017,1656.85
ACT,Females,2018,1666.1999999999998
ACT,Females,2019,1715.1
ACT,Females,2020,1802.8
ACT,Females,2021,1857.65
ACT,Females,2022,1888.35
ACT,Females,2023,1942.15
ACT,Females,2024,2061.75
ACT,Females,2025,2170.1000000000004
ACT,Males,2012,1719.3
ACT,Males,2013,1783.3000000000002
ACT,Males,2014,1767.6999999999998
ACT,Males,2015,1803.6
ACT,Males,2016,1825.9
ACT,Males,2017,1893.35
ACT,Males,2018,1932.75
ACT,Males,2019,1914.5
ACT,Males,2020,1942.15
ACT,Males,2021,2017.05
ACT,Males,2022,2107.8999999999996
ACT,Males,2023,2159.45
ACT,Males,2024,2233.0
ACT,Males,2025,2305.8
ACT,Persons,2012,1619.55
ACT,Persons,2013,1686.95
ACT,Persons,2014,1682.75
ACT,Persons,2015,1711.3
ACT,Persons,2016,1736.2
ACT,Persons,2017,1788.6
ACT,Persons,2018,1811.6999999999998
ACT,Persons,2019,1819.75
ACT,Persons,2020,1875.8000000000002
ACT,Persons,2021,1944.55
ACT,Persons,2022,2001.4
ACT,Persons,2023,2055.25
ACT,Persons,2024,2152.45
ACT,Persons,2025,2240.3
AUS,Females,2012,1209.85
AUS,Females,2013,1260.5
AUS,Females,2014,1283.5500000000002
AUS,Females,2015,1317.5
AUS,Females,2016,1361.1999999999998
AUS,Females,2017,1398.6999999999998
AUS,Females,2018,1444.95
AUS,Females,2019,1496.9
AUS,Females,2020,1560.2
AUS,Females,2021,1583.35
AUS,Females,2022,1631.3
AUS,Females,2023,1715.4
AUS,Females,2024,1804.6
AUS,Females,2025,1882.35
AUS,Males,2012,1467.65
AUS,Males,2013,1524.25
AUS,Males,2014,1574.0
AUS,Males,2015,1597.6
AUS,Males,2016,1622.7
AUS,Males,2017,1651.1
AUS,Males,2018,1686.8
AUS,Males,2019,1739.25
AUS,Males,2020,1808.1
AUS,Males,2021,1841.75
AUS,Males,2022,1890.0
AUS,Males,2023,1960.55
AUS,Males,2024,2043.5
AUS,Males,2025,2127.1000000000004
AUS,Persons,2012,1372.6
AUS,Persons,2013,1428.95
AUS,Persons,2014,1465.55
AUS,Persons,2015,1491.8
AUS,Persons,2016,1524.7
AUS,Persons,2017,1556.4
AUS,Persons,2018,1595.4
AUS,Persons,2019,1646.6
AUS,Persons,2020,1712.75
AUS,Persons,2021,1742.75
AUS,Persons,2022,1788.75
AUS,Persons,2023,1863.4499999999998
AUS,Persons,2024,1949.6
AUS,Persons,2025,2030.55
NSW,Females,2012,1230.7
NSW,Females,2013,1282.15
NSW,Females,2014,1303.35
NSW,Females,2015,1335.75
NSW,Females,2016,1374.4499999999998
NSW,Females,2017,1420.3
NSW,Females,2018,1472.9
NSW,Females,2019,1518.65
NSW,Females,2020,1589.45
NSW,Females,2021,1613.7
NSW,Females,2022,1668.9499999999998
NSW,Females,2023,1728.6
NSW,Females,2024,1828.45
NSW,Females,2025,1917.05
NSW,Males,2012,1464.25
NSW,Males,2013,1492.75
NSW,Males,2014,1585.1
NSW,Males,2015,1637.6
NSW,Males,2016,1643.35
NSW,Males,2017,1662.15
NSW,Males,2018,1708.0
NSW,Males,2019,1773.6
NSW,Males,2020,1856.35
NSW,Males,2021,1859.9499999999998
NSW,Males,2022,1889.75
NSW,Males,2023,1951.15
NSW,Males,2024,2046.7
NSW,Males,2025,2171.45
NSW,Persons,2012,1377.0500000000002
NSW,Persons,2013,1414.4499999999998
NSW,Persons,2014,1475.65
NSW,Persons,2015,1519.6999999999998
NSW,Persons,2016,1538.4
NSW,Persons,2017,1565.85
NSW,Persons,2018,1614.1
NSW,Persons,2019,1672.15
NSW,Persons,2020,1750.4
NSW,Persons,2021,1762.6999999999998
NSW,Persons,2022,1800.1
NSW,Persons,2023,1861.65
NSW,Persons,2024,1960.65
NSW,Persons,2025,2068.0
NT,Females,2012,1236.8
NT,Females,2013,1263.85
NT,Females,2014,1274.25
NT,Females,2015,1349.6
NT,Females,2016,1379.6
NT,Females,2017,1420.85
NT,Females,2018,1483.5500000000002
NT,Females,2019,1555.95
NT,Females,2020,1577.5500000000002
NT,Females,2021,1572.5500000000002
NT,Females,2022,1597.95
NT,Females,2023,1642.6
NT,Females,2024,1741.9499999999998
NT,Females,2025,1812.2
NT,Males,2012,1546.6
NT,Males,2013,1589.65
NT,Males,2014,1563.25
NT,Males,2015,1670.15
NT,Males,2016,1762.35
NT,Males,2017,1792.85
NT,Males,2018,1804.8000000000002
NT,Males,2019,1798.25
NT,Males,2020,1814.5
NT,Males,2021,1795.8
NT,Males,2022,1840.3000000000002
NT,Males,2023,1943.5
NT,Males,2024,1988.15
NT,Males,2025,2044.6499999999999
NT,Persons,2012,1413.0
NT,Persons,2013,1449.1
NT,Persons,2014,1435.5500000000002
NT,Persons,2015,1533.25
NT,Persons,2016,1604.1
NT,Persons,2017,1632.2
NT,Persons,2018,1655.9
NT,Persons,2019,1687.6999999999998
NT,Persons,2020,1702.65
NT,Persons,2021,1696.9
NT,Persons,2022,1727.1999999999998
NT,Persons,2023,1804.35
NT,Persons,2024,1866.1999999999998
NT,Persons,2025,1934.65
QLD,Females,2012,1166.1999999999998
QLD,Females,2013,1214.8000000000002
QLD,Females,2014,1239.6
QLD,Females,2015,1273.8000000000002
QLD,Females,2016,1312.15
QLD,Females,2017,1336.0
QLD,Females,2018,1380.25
QLD,Females,2019,1427.2
QLD,Females,2020,1480.0
QLD,Females,2021,1488.85
QLD,Females,2022,1561.5
QLD,Females,2023,1673.8
QLD,Females,2024,1784.9499999999998
QLD,Females,2025,1847.75
QLD,Males,2012,1459.3000000000002
QLD,Males,2013,1547.4499999999998
QLD,Males,2014,1580.3000000000002
QLD,Males,2015,1551.85
QLD,Males,2016,1569.3
QLD,Males,2017,1620.35
QLD,Males,2018,1668.85
QLD,Males,2019,1702.3
QLD,Males,2020,1728.2
QLD,Males,2021,1765.85
QLD,Males,2022,1839.9499999999998
QLD,Males,2023,1909.65
QLD,Males,2024,2020.85
QLD,Males,2025,2050.25
QLD,Persons,2012,1346.25
QLD,Persons,2013,1422.8
QLD,Persons,2014,1447.85
QLD,Persons,2015,1443.8000000000002
QLD,Persons,2016,1471.1999999999998
QLD,Persons,2017,1511.9499999999998
QLD,Persons,2018,1557.95
QLD,Persons,2019,1593.25
QLD,Persons,2020,1630.4
QLD,Persons,2021,1659.0500000000002
QLD,Persons,2022,1732.9
QLD,Persons,2023,1817.85
QLD,Persons,2024,1927.35
QLD,Persons,2025,1974.1
SA,Females,2012,1122.75
SA,Females,2013,1157.95
SA,Females,2014,1216.1
SA,Females,2015,1262.75
SA,Females,2016,1323.8
SA,Females,2017,1346.3
SA,Females,2018,1363.4
SA,Females,2019,1394.1
SA,Females,2020,1450.3000000000002
SA,Females,2021,1503.8000000000002
SA,Females,2022,1555.45
SA,Females,2023,1615.3
SA,Females,2024,1699.2
SA,Females,2025,1818.65
SA,Males,2012,1321.65
SA,Males,2013,1378.0
SA,Males,2014,1428.25
SA,Males,2015,1413.4
SA,Males,2016,1488.75
SA,Males,2017,1497.25
SA,Males,2018,1507.15
SA,Males,2019,1546.2
SA,Males,2020,1581.7
SA,Males,2021,1620.25
SA,Males,2022,1683.6
SA,Males,2023,1755.4
SA,Males,2024,1886.75
SA,Males,2025,1975.45
SA,Persons,2012,1253.1
SA,Persons,2013,1300.55
SA,Persons,2014,1352.75
SA,Persons,2015,1362.1
SA,Persons,2016,1430.45
SA,Persons,2017,1444.55
SA,Persons,2018,1455.4
SA,Persons,2019,1489.4499999999998
SA,Persons,2020,1532.75
SA,Persons,2021,1580.65
SA,Persons,2022,1640.45
SA,Persons,2023,1706.6
SA,Persons,2024,1817.15
SA,Persons,2025,1914.6
TAS,Females,2012,1129.2
TAS,Females,2013,1179.45
TAS,Females,2014,1153.5500000000002
TAS,Females,2015,1195.0
TAS,Females,2016,1228.1
TAS,Females,2017,1249.8
TAS,Females,2018,1294.05
TAS,Females,2019,1343.3
TAS,Females,2020,1411.95
TAS,Females,2021,1443.75
TAS,Females,2022,1507.9
TAS,Females,2023,1588.95
TAS,Females,2024,1679.85
TAS,Females,2025,1792.4499999999998
TAS,Males,2012,1253.9
TAS,Males,2013,1311.0
TAS,Males,2014,1314.5500000000002
TAS,Males,2015,1362.45
TAS,Males,2016,1400.7
TAS,Males,2017,1409.9499999999998
TAS,Males,2018,1440.1
TAS,Males,2019,1485.6
TAS,Males,2020,1531.25
TAS,Males,2021,1582.25
TAS,Males,2022,1617.1
TAS,Males,2023,1678.1999999999998
TAS,Males,2024,1770.65
TAS,Males,2025,1815.15
TAS,Persons,2012,1211.75
TAS,Persons,2013,1267.25
TAS,Persons,2014,1256.8
TAS,Persons,2015,1303.85
TAS,Persons,2016,1339.9
TAS,Persons,2017,1354.5
TAS,Persons,2018,1389.4
TAS,Persons,2019,1435.2
TAS,Persons,2020,1488.1
TAS,Persons,2021,1531.2
TAS,Persons,2022,1577.45
TAS,Persons,2023,1644.65
TAS,Persons,2024,1738.1999999999998
TAS,Persons,2025,1807.1
VIC,Females,2012,1183.8000000000002
VIC,Females,2013,1224.85
VIC,Females,2014,1254.3000000000002
VIC,Females,2015,1282.25
VIC,Females,2016,1347.9
VIC,Females,2017,1387.0
VIC,Females,2018,1445.6999999999998
VIC,Females,2019,1522.25
VIC,Females,2020,1596.75
VIC,Females,2021,1604.8
VIC,Females,2022,1614.55
VIC,Females,2023,1708.5
VIC,Females,2024,1776.1
VIC,Females,2025,1845.1999999999998
VIC,Males,2012,1387.9
VIC,Males,2013,1437.5
VIC,Males,2014,1464.9
VIC,Males,2015,1487.4499999999998
VIC,Males,2016,1551.95
VIC,Males,2017,1587.9
VIC,Males,2018,1617.1999999999998
VIC,Males,2019,1685.85
VIC,Males,2020,1782.45
VIC,Males,2021,1849.5500000000002
VIC,Males,2022,1875.25
VIC,Males,2023,1937.2
VIC,Males,2024,1988.85
VIC,Males,2025,2078.45
VIC,Persons,2012,1314.3
VIC,Persons,2013,1363.8
VIC,Persons,2014,1388.35
VIC,Persons,2015,1410.6999999999998
VIC,Persons,2016,1477.3
VIC,Persons,2017,1516.0
VIC,Persons,2018,1557.05
VIC,Persons,2019,1627.5
VIC,Persons,2020,1713.75
VIC,Persons,2021,1755.25
VIC,Persons,2022,1772.3000000000002
VIC,Persons,2023,1845.5
VIC,Persons,2024,1904.95
VIC,Persons,2025,1986.65
WA,Females,2012,1259.75
WA,Females,2013,1331.85
WA,Females,2014,1347.3
WA,Females,2015,1387.35
WA,Females,2016,1406.45
WA,Females,2017,1445.4
WA,Females,2018,1467.2
WA,Females,2019,1502.9
WA,Females,2020,1541.6999999999998
WA,Females,2021,1598.55
WA,Females,2022,1658.0
WA,Females,2023,1771.85
WA,Females,2024,1840.0
WA,Females,2025,1887.55
WA,Males,2012,1703.25
WA,Males,2013,1779.4
WA,Males,2014,1807.65
WA,Males,2015,1859.5500000000002
WA,Males,2016,1849.45
WA,Males,2017,1868.4
WA,Males,2018,1899.95
WA,Males,2019,1925.6
WA,Males,2020,1996.85
WA,Males,2021,2037.35
WA,Males,2022,2132.9
WA,Males,2023,2258.95
WA,Males,2024,2293.85
WA,Males,2025,2343.25
WA,Persons,2012,1553.6999999999998
WA,Persons,2013,1632.4
WA,Persons,2014,1657.15
WA,Persons,2015,1699.95
WA,Persons,2016,1700.9
WA,Persons,2017,1728.75
WA,Persons,2018,1748.6999999999998
WA,Persons,2019,1779.3
WA,Persons,2020,1840.65
WA,Persons,2021,1887.75
WA,Persons,2022,1962.9
WA,Persons,2023,2073.5
WA,Persons,2024,2125.55
WA,Persons,2025,2173.95
