series,region,year,index
all_groups,ACT,2012,71.33500000000001
all_groups,ACT,2013,72.83
all_groups,ACT,2014,74.27250000000001
all_groups,ACT,2015,74.7625
all_groups,ACT,2016,75.665
all_groups,ACT,2017,77.325
all_groups,ACT,2018,79.2875
all_groups,ACT,2019,80.66
all_groups,ACT,2020,81.3775
all_groups,ACT,2021,84.235
all_groups,ACT,2022,89.635
all_groups,ACT,2023,94.13
all_groups,ACT,2024,96.7475
all_groups,ACT,2025,99.1775
all_groups,AUS,2012,70.17
all_groups,AUS,2013,71.8775
all_groups,AUS,2014,73.66749999999999
all_groups,AUS,2015,74.775
all_groups,AUS,2016,75.7325
all_groups,AUS,2017,77.2075
all_groups,AUS,2018,78.6925
all_groups,AUS,2019,79.94500000000001
all_groups,AUS,2020,80.6275
all_groups,AUS,2021,82.935
all_groups,AUS,2022,88.4225
all_groups,AUS,2023,93.355
all_groups,AUS,2024,96.3125
all_groups,AUS,2025,99.045
all_groups,NSW,2012,70.285
all_groups,NSW,2013,72.07
all_groups,NSW,2014,73.8025
all_groups,NSW,2015,75.215
all_groups,NSW,2016,76.2625
all_groups,NSW,2017,77.92500000000001
all_groups,NSW,2018,79.44
all_groups,NSW,2019,80.675
all_groups,NSW,2020,81.06
all_groups,NSW,2021,83.2875
all_groups,NSW,2022,88.3575
all_groups,NSW,2023,93.5675
all_groups,NSW,2024,96.59
all_groups,NSW,2025,99.145
all_groups,NT,2012,73.46
all_groups,NT,2013,76.3075
all_groups,NT,2014,78.4975
all_groups,NT,2015,78.84
all_groups,NT,2016,78.7275
all_groups,NT,2017,79.245
all_groups,NT,2018,80.185
all_groups,NT,2019,80.60499999999999
all_groups,NT,2020,80.44
all_groups,NT,2021,84.515
all_groups,NT,2022,90.055
all_groups,NT,2023,94.475
all_groups,NT,2024,96.875
all_groups,NT,2025,99.085
all_groups,QLD,2012,68.8075
all_groups,QLD,2013,70.3225
all_groups,QLD,2014,72.27499999999999
all_groups,QLD,2015,73.375
all_groups,QLD,2016,74.4975
all_groups,QLD,2017,75.83
all_groups,QLD,2018,77.1225
all_groups,QLD,2019,78.455
all_groups,QLD,2020,78.96000000000001
all_groups,QLD,2021,81.9
all_groups,QLD,2022,87.825
all_groups,QLD,2023,92.89
all_groups,QLD,2024,95.2975
all_groups,QLD,2025,98.8475
all_groups,SA,2012,69.8675
all_groups,SA,2013,71.375
all_groups,SA,2014,73.12
all_groups,SA,2015,73.96000000000001
all_groups,SA,2016,74.67
all_groups,SA,2017,76.10249999999999
all_groups,SA,2018,77.7025
all_groups,SA,2019,79.02
all_groups,SA,2020,80.0325
all_groups,SA,2021,82.025
all_groups,SA,2022,87.7775
all_groups,SA,2023,93.3475
all_groups,SA,2024,96.7225
all_groups,SA,2025,99.0775
all_groups,TAS,2012,70.03
all_groups,TAS,2013,71.335
all_groups,TAS,2014,72.8425
all_groups,TAS,2015,73.6325
all_groups,TAS,2016,74.61
all_groups,TAS,2017,76.2375
all_groups,TAS,2018,78.1875
all_groups,TAS,2019,80.0075
all_groups,TAS,2020,81.435
all_groups,TAS,2021,83.9225
all_groups,TAS,2022,89.92750000000001
all_groups,TAS,2023,94.33250000000001
all_groups,TAS,2024,96.255
all_groups,TAS,2025,98.98
all_groups,VIC,2012,70.415
all_groups,VIC,2013,72.14
all_groups,VIC,2014,73.86500000000001
all_groups,VIC,2015,74.8725
all_groups,VIC,2016,76.0
all_groups,VIC,2017,77.7225
all_groups,VIC,2018,79.4675
all_groups,VIC,2019,80.7025
all_groups,VIC,2020,81.715
all_groups,VIC,2021,83.5925
all_groups,VIC,2022,89.05
all_groups,VIC,2023,93.745
all_groups,VIC,2024,96.71000000000001
all_groups,VIC,2025,99.1525
all_groups,WA,2012,70.4175
all_groups,WA,2013,72.2125
all_groups,WA,2014,74.235
all_groups,WA,2015,75.2175
all_groups,WA,2016,75.595
all_groups,WA,2017,76.215
all_groups,WA,2018,77.06
all_groups,WA,2019,78.2225
all_groups,WA,2020,78.88
all_groups,WA,2021,81.655
all_groups,WA,2022,87.625
all_groups,WA,2023,92.0025
all_groups,WA,2024,95.365
all_groups,WA,2025,98.69
automotive_fuel,AUS,2012,77.285
automotive_fuel,AUS,2013,79.0875
automotive_fuel,AUS,2014,79.88
automotive_fuel,AUS,2015,69.44999999999999
automotive_fuel,AUS,2016,63.8475
automotive_fuel,AUS,2017,70.4375
automotive_fuel,AUS,2018,79.08250000000001
automotive_fuel,AUS,2019,78.1125
automotive_fuel,AUS,2020,68.6825
automotive_fuel,AUS,2021,81.9325
automotive_fuel,AUS,2022,101.535
automotive_fuel,AUS,2023,104.205
automotive_fuel,AUS,2024,103.67750000000001
automotive_fuel,AUS,2025,99.5925
motor_vehicles,AUS,2012,89.6275
motor_vehicles,AUS,2013,87.005
motor_vehicles,AUS,2014,86.3875
motor_vehicles,AUS,2015,86.095
motor_vehicles,AUS,2016,85.6325
motor_vehicles,AUS,2017,84.1475
motor_vehicles,AUS,2018,83.10499999999999
motor_vehicles,AUS,2019,85.21000000000001
motor_vehicles,AUS,2020,86.37
motor_vehicles,AUS,2021,91.89
motor_vehicles,AUS,2022,96.8625
motor_vehicles,AUS,2023,100.4575
motor_vehicles,AUS,2024,100.5125
motor_vehicles,AUS,2025,100.24000000000001
