year,quarter,region,series,index
2012,1,ACT,all_groups,70.57
2012,2,ACT,all_groups,71.01
2012,3,ACT,all_groups,71.75
2012,4,ACT,all_groups,72.01
2013,1,ACT,all_groups,72.14
2013,2,ACT,all_groups,72.51
2013,3,ACT,all_groups,72.98
2013,4,ACT,all_groups,73.69
2014,1,ACT,all_groups,74.0
2014,2,ACT,all_groups,74.17
2014,3,ACT,all_groups,74.42
2014,4,ACT,all_groups,74.5
2015,1,ACT,all_groups,74.42
2015,2,ACT,all_groups,74.76
2015,3,ACT,all_groups,74.84
2015,4,ACT,all_groups,75.03
2016,1,ACT,all_groups,75.13
2016,2,ACT,all_groups,75.26
2016,3,ACT,all_groups,75.93
2016,4,ACT,all_groups,76.34
2017,1,ACT,all_groups,76.86
2017,2,ACT,all_groups,76.85
2017,3,ACT,all_groups,77.53
2017,4,ACT,all_groups,78.06
2018,1,ACT,all_groups,78.66
2018,2,ACT,all_groups,79.01
2018,3,ACT,all_groups,79.45
2018,4,ACT,all_groups,80.03
2019,1,ACT,all_groups,80.07
2019,2,ACT,all_groups,80.31
2019,3,ACT,all_groups,80.87
2019,4,ACT,all_groups,81.39
2020,1,ACT,all_groups,81.75
2020,2,ACT,all_groups,79.8
2020,3,ACT,all_groups,81.67
2020,4,ACT,all_groups,82.29
2021,1,ACT,all_groups,82.99
2021,2,ACT,all_groups,83.63
2021,3,ACT,all_groups,84.74
2021,4,ACT,all_groups,85.58
2022,1,ACT,all_groups,87.48
2022,2,ACT,all_groups,88.9
2022,3,ACT,all_groups,90.56
2022,4,ACT,all_groups,91.6
2023,1,ACT,all_groups,92.91
2023,2,ACT,all_groups,93.91
2023,3,ACT,all_groups,94.64
2023,4,ACT,all_groups,95.06
2024,1,ACT,all_groups,95.94
2024,2,ACT,all_groups,96.82
2024,3,ACT,all_groups,97.1
2024,4,ACT,all_groups,97.13
2025,1,ACT,all_groups,98.08
2025,2,ACT,all_groups,98.36
2025,3,ACT,all_groups,99.86
2025,4,ACT,all_groups,100.41
2026,1,ACT,all_groups,101.71
2026,2,ACT,all_groups,102.29
2012,1,AUS,all_groups,69.38
2012,2,AUS,all_groups,69.74
2012,3,AUS,all_groups,70.69
2012,4,AUS,all_groups,70.87
2013,1,AUS,all_groups,71.11
2013,2,AUS,all_groups,71.38
2013,3,AUS,all_groups,72.25
2013,4,AUS,all_groups,72.77
2014,1,AUS,all_groups,73.2
2014,2,AUS,all_groups,73.57
2014,3,AUS,all_groups,73.88
2014,4,AUS,all_groups,74.02
2015,1,AUS,all_groups,74.16
2015,2,AUS,all_groups,74.69
2015,3,AUS,all_groups,74.98
2015,4,AUS,all_groups,75.27
2016,1,AUS,all_groups,75.12
2016,2,AUS,all_groups,75.45
2016,3,AUS,all_groups,75.98
2016,4,AUS,all_groups,76.38
2017,1,AUS,all_groups,76.73
2017,2,AUS,all_groups,76.88
2017,3,AUS,all_groups,77.35
2017,4,AUS,all_groups,77.87
2018,1,AUS,all_groups,78.21
2018,2,AUS,all_groups,78.49
2018,3,AUS,all_groups,78.83
2018,4,AUS,all_groups,79.24
2019,1,AUS,all_groups,79.23
2019,2,AUS,all_groups,79.7
2019,3,AUS,all_groups,80.15
2019,4,AUS,all_groups,80.7
2020,1,AUS,all_groups,81.0
2020,2,AUS,all_groups,79.44
2020,3,AUS,all_groups,80.67
2020,4,AUS,all_groups,81.4
2021,1,AUS,all_groups,81.87
2021,2,AUS,all_groups,82.47
2021,3,AUS,all_groups,83.17
2021,4,AUS,all_groups,84.23
2022,1,AUS,all_groups,86.05
2022,2,AUS,all_groups,87.59
2022,3,AUS,all_groups,89.2
2022,4,AUS,all_groups,90.85
2023,1,AUS,all_groups,92.08
2023,2,AUS,all_groups,92.87
2023,3,AUS,all_groups,93.94
2023,4,AUS,all_groups,94.53
2024,1,AUS,all_groups,95.41
2024,2,AUS,all_groups,96.41
2024,3,AUS,all_groups,96.62
2024,4,AUS,all_groups,96.81
2025,1,AUS,all_groups,97.7
2025,2,AUS,all_groups,98.43
2025,3,AUS,all_groups,99.73
2025,4,AUS,all_groups,100.32
2026,1,AUS,all_groups,101.7
2026,2,AUS,all_groups,102.31
2012,1,NSW,all_groups,69.36
2012,2,NSW,all_groups,69.77
2012,3,NSW,all_groups,70.97
2012,4,NSW,all_groups,71.04
2013,1,NSW,all_groups,71.3
2013,2,NSW,all_groups,71.63
2013,3,NSW,all_groups,72.46
2013,4,NSW,all_groups,72.89
2014,1,NSW,all_groups,73.35
2014,2,NSW,all_groups,73.63
2014,3,NSW,all_groups,74.05
2014,4,NSW,all_groups,74.18
2015,1,NSW,all_groups,74.55
2015,2,NSW,all_groups,75.24
2015,3,NSW,all_groups,75.44
2015,4,NSW,all_groups,75.63
2016,1,NSW,all_groups,75.47
2016,2,NSW,all_groups,75.88
2016,3,NSW,all_groups,76.65
2016,4,NSW,all_groups,77.05
2017,1,NSW,all_groups,77.33
2017,2,NSW,all_groups,77.54
2017,3,NSW,all_groups,78.15
2017,4,NSW,all_groups,78.68
2018,1,NSW,all_groups,78.89
2018,2,NSW,all_groups,79.19
2018,3,NSW,all_groups,79.64
2018,4,NSW,all_groups,80.04
2019,1,NSW,all_groups,79.97
2019,2,NSW,all_groups,80.48
2019,3,NSW,all_groups,80.91
2019,4,NSW,all_groups,81.34
2020,1,NSW,all_groups,81.54
2020,2,NSW,all_groups,79.63
2020,3,NSW,all_groups,81.1
2020,4,NSW,all_groups,81.97
2021,1,NSW,all_groups,82.33
2021,2,NSW,all_groups,82.89
2021,3,NSW,all_groups,83.48
2021,4,NSW,all_groups,84.45
2022,1,NSW,all_groups,85.88
2022,2,NSW,all_groups,87.3
2022,3,NSW,all_groups,89.33
2022,4,NSW,all_groups,90.92
2023,1,NSW,all_groups,92.19
2023,2,NSW,all_groups,93.03
2023,3,NSW,all_groups,94.33
2023,4,NSW,all_groups,94.72
2024,1,NSW,all_groups,95.6
2024,2,NSW,all_groups,96.63
2024,3,NSW,all_groups,97.1
2024,4,NSW,all_groups,97.03
2025,1,NSW,all_groups,97.82
2025,2,NSW,all_groups,98.47
2025,3,NSW,all_groups,99.91
2025,4,NSW,all_groups,100.38
2026,1,NSW,all_groups,101.81
2026,2,NSW,all_groups,102.49
2012,1,NT,all_groups,72.52
2012,2,NT,all_groups,73.16
2012,3,NT,all_groups,74.1
2012,4,NT,all_groups,74.06
2013,1,NT,all_groups,75.31
2013,2,NT,all_groups,75.94
2013,3,NT,all_groups,76.6
2013,4,NT,all_groups,77.38
2014,1,NT,all_groups,77.99
2014,2,NT,all_groups,78.5
2014,3,NT,all_groups,78.68
2014,4,NT,all_groups,78.82
2015,1,NT,all_groups,78.64
2015,2,NT,all_groups,78.63
2015,3,NT,all_groups,78.92
2015,4,NT,all_groups,79.17
2016,1,NT,all_groups,78.43
2016,2,NT,all_groups,78.68
2016,3,NT,all_groups,78.94
2016,4,NT,all_groups,78.86
2017,1,NT,all_groups,78.8
2017,2,NT,all_groups,79.01
2017,3,NT,all_groups,79.49
2017,4,NT,all_groups,79.68
2018,1,NT,all_groups,79.7
2018,2,NT,all_groups,79.96
2018,3,NT,all_groups,80.46
2018,4,NT,all_groups,80.62
2019,1,NT,all_groups,79.99
2019,2,NT,all_groups,80.6
2019,3,NT,all_groups,80.84
2019,4,NT,all_groups,80.99
2020,1,NT,all_groups,81.19
2020,2,NT,all_groups,79.14
2020,3,NT,all_groups,80.47
2020,4,NT,all_groups,80.96
2021,1,NT,all_groups,83.07
2021,2,NT,all_groups,83.97
2021,3,NT,all_groups,85.17
2021,4,NT,all_groups,85.85
2022,1,NT,all_groups,87.64
2022,2,NT,all_groups,89.45
2022,3,NT,all_groups,91.16
2022,4,NT,all_groups,91.97
2023,1,NT,all_groups,93.15
2023,2,NT,all_groups,94.18
2023,3,NT,all_groups,95.05
2023,4,NT,all_groups,95.52
2024,1,NT,all_groups,96.14
2024,2,NT,all_groups,97.05
2024,3,NT,all_groups,97.19
2024,4,NT,all_groups,97.12
2025,1,NT,all_groups,97.78
2025,2,NT,all_groups,98.57
2025,3,NT,all_groups,99.66
2025,4,NT,all_groups,100.33
2026,1,NT,all_groups,101.27
2026,2,NT,all_groups,102.35
2012,1,QLD,all_groups,68.07
2012,2,QLD,all_groups,68.46
2012,3,QLD,all_groups,69.25
2012,4,QLD,all_groups,69.45
2013,1,QLD,all_groups,69.49
2013,2,QLD,all_groups,69.84
2013,3,QLD,all_groups,70.7
2013,4,QLD,all_groups,71.26
2014,1,QLD,all_groups,71.69
2014,2,QLD,all_groups,72.1
2014,3,QLD,all_groups,72.57
2014,4,QLD,all_groups,72.74
2015,1,QLD,all_groups,72.7
2015,2,QLD,all_groups,73.21
2015,3,QLD,all_groups,73.66
2015,4,QLD,all_groups,73.93
2016,1,QLD,all_groups,73.91
2016,2,QLD,all_groups,74.27
2016,3,QLD,all_groups,74.72
2016,4,QLD,all_groups,75.09
2017,1,QLD,all_groups,75.31
2017,2,QLD,all_groups,75.61
2017,3,QLD,all_groups,75.89
2017,4,QLD,all_groups,76.51
2018,1,QLD,all_groups,76.62
2018,2,QLD,all_groups,76.91
2018,3,QLD,all_groups,77.28
2018,4,QLD,all_groups,77.68
2019,1,QLD,all_groups,77.72
2019,2,QLD,all_groups,78.19
2019,3,QLD,all_groups,78.68
2019,4,QLD,all_groups,79.23
2020,1,QLD,all_groups,79.21
2020,2,QLD,all_groups,77.4
2020,3,QLD,all_groups,79.17
2020,4,QLD,all_groups,80.06
2021,1,QLD,all_groups,80.56
2021,2,QLD,all_groups,81.25
2021,3,QLD,all_groups,82.25
2021,4,QLD,all_groups,83.54
2022,1,QLD,all_groups,85.41
2022,2,QLD,all_groups,87.16
2022,3,QLD,all_groups,88.72
2022,4,QLD,all_groups,90.01
2023,1,QLD,all_groups,91.73
2023,2,QLD,all_groups,92.67
2023,3,QLD,all_groups,93.35
2023,4,QLD,all_groups,93.81
2024,1,QLD,all_groups,94.88
2024,2,QLD,all_groups,95.78
2024,3,QLD,all_groups,94.99
2024,4,QLD,all_groups,95.54
2025,1,QLD,all_groups,97.37
2025,2,QLD,all_groups,98.16
2025,3,QLD,all_groups,99.48
2025,4,QLD,all_groups,100.38
2026,1,QLD,all_groups,101.42
2026,2,QLD,all_groups,102.17
2012,1,SA,all_groups,69.11
2012,2,SA,all_groups,69.33
2012,3,SA,all_groups,70.4
2012,4,SA,all_groups,70.63
2013,1,SA,all_groups,70.69
2013,2,SA,all_groups,70.82
2013,3,SA,all_groups,71.75
2013,4,SA,all_groups,72.24
2014,1,SA,all_groups,72.71
2014,2,SA,all_groups,73.01
2014,3,SA,all_groups,73.26
2014,4,SA,all_groups,73.5
2015,1,SA,all_groups,73.54
2015,2,SA,all_groups,73.91
2015,3,SA,all_groups,74.1
2015,4,SA,all_groups,74.29
2016,1,SA,all_groups,74.04
2016,2,SA,all_groups,74.39
2016,3,SA,all_groups,75.04
2016,4,SA,all_groups,75.21
2017,1,SA,all_groups,75.5
2017,2,SA,all_groups,75.57
2017,3,SA,all_groups,76.39
2017,4,SA,all_groups,76.95
2018,1,SA,all_groups,77.24
2018,2,SA,all_groups,77.6
2018,3,SA,all_groups,77.77
2018,4,SA,all_groups,78.2
2019,1,SA,all_groups,78.25
2019,2,SA,all_groups,78.7
2019,3,SA,all_groups,79.27
2019,4,SA,all_groups,79.86
2020,1,SA,all_groups,80.12
2020,2,SA,all_groups,79.33
2020,3,SA,all_groups,80.08
2020,4,SA,all_groups,80.6
2021,1,SA,all_groups,81.14
2021,2,SA,all_groups,81.52
2021,3,SA,all_groups,82.11
2021,4,SA,all_groups,83.33
2022,1,SA,all_groups,84.9
2022,2,SA,all_groups,86.72
2022,3,SA,all_groups,88.98
2022,4,SA,all_groups,90.51
2023,1,SA,all_groups,91.6
2023,2,SA,all_groups,92.69
2023,3,SA,all_groups,94.24
2023,4,SA,all_groups,94.86
2024,1,SA,all_groups,95.57
2024,2,SA,all_groups,96.79
2024,3,SA,all_groups,97.32
2024,4,SA,all_groups,97.21
2025,1,SA,all_groups,97.72
2025,2,SA,all_groups,98.52
2025,3,SA,all_groups,99.64
2025,4,SA,all_groups,100.43
2026,1,SA,all_groups,101.79
2026,2,SA,all_groups,102.84
2012,1,TAS,all_groups,69.91
2012,2,TAS,all_groups,69.65
2012,3,TAS,all_groups,70.13
2012,4,TAS,all_groups,70.43
2013,1,TAS,all_groups,70.63
2013,2,TAS,all_groups,70.9
2013,3,TAS,all_groups,71.57
2013,4,TAS,all_groups,72.24
2014,1,TAS,all_groups,72.57
2014,2,TAS,all_groups,72.85
2014,3,TAS,all_groups,72.91
2014,4,TAS,all_groups,73.04
2015,1,TAS,all_groups,73.24
2015,2,TAS,all_groups,73.27
2015,3,TAS,all_groups,73.7
2015,4,TAS,all_groups,74.32
2016,1,TAS,all_groups,74.21
2016,2,TAS,all_groups,74.17
2016,3,TAS,all_groups,74.72
2016,4,TAS,all_groups,75.34
2017,1,TAS,all_groups,75.91
2017,2,TAS,all_groups,75.96
2017,3,TAS,all_groups,76.17
2017,4,TAS,all_groups,76.91
2018,1,TAS,all_groups,77.5
2018,2,TAS,all_groups,77.76
2018,3,TAS,all_groups,78.26
2018,4,TAS,all_groups,79.23
2019,1,TAS,all_groups,79.08
2019,2,TAS,all_groups,79.58
2019,3,TAS,all_groups,80.02
2019,4,TAS,all_groups,81.35
2020,1,TAS,all_groups,81.74
2020,2,TAS,all_groups,80.6
2020,3,TAS,all_groups,81.41
2020,4,TAS,all_groups,81.99
2021,1,TAS,all_groups,82.61
2021,2,TAS,all_groups,83.54
2021,3,TAS,all_groups,83.84
2021,4,TAS,all_groups,85.7
2022,1,TAS,all_groups,87.43
2022,2,TAS,all_groups,88.95
2022,3,TAS,all_groups,91.0
2022,4,TAS,all_groups,92.33
2023,1,TAS,all_groups,93.43
2023,2,TAS,all_groups,93.84
2023,3,TAS,all_groups,94.69
2023,4,TAS,all_groups,95.37
2024,1,TAS,all_groups,96.28
2024,2,TAS,all_groups,96.46
2024,3,TAS,all_groups,95.39
2024,4,TAS,all_groups,96.89
2025,1,TAS,all_groups,97.62
2025,2,TAS,all_groups,98.1
2025,3,TAS,all_groups,99.55
2025,4,TAS,all_groups,100.65
2026,1,TAS,all_groups,101.86
2026,2,TAS,all_groups,102.71
2012,1,VIC,all_groups,69.68
2012,2,VIC,all_groups,70.01
2012,3,VIC,all_groups,70.83
2012,4,VIC,all_groups,71.14
2013,1,VIC,all_groups,71.43
2013,2,VIC,all_groups,71.54
2013,3,VIC,all_groups,72.51
2013,4,VIC,all_groups,73.08
2014,1,VIC,all_groups,73.45
2014,2,VIC,all_groups,73.89
2014,3,VIC,all_groups,73.98
2014,4,VIC,all_groups,74.14
2015,1,VIC,all_groups,74.21
2015,2,VIC,all_groups,74.72
2015,3,VIC,all_groups,75.06
2015,4,VIC,all_groups,75.5
2016,1,VIC,all_groups,75.44
2016,2,VIC,all_groups,75.77
2016,3,VIC,all_groups,76.13
2016,4,VIC,all_groups,76.66
2017,1,VIC,all_groups,77.32
2017,2,VIC,all_groups,77.45
2017,3,VIC,all_groups,77.79
2017,4,VIC,all_groups,78.33
2018,1,VIC,all_groups,79.05
2018,2,VIC,all_groups,79.34
2018,3,VIC,all_groups,79.53
2018,4,VIC,all_groups,79.95
2019,1,VIC,all_groups,80.02
2019,2,VIC,all_groups,80.38
2019,3,VIC,all_groups,80.85
2019,4,VIC,all_groups,81.56
2020,1,VIC,all_groups,82.15
2020,2,VIC,all_groups,80.69
2020,3,VIC,all_groups,81.42
2020,4,VIC,all_groups,82.6
2021,1,VIC,all_groups,82.85
2021,2,VIC,all_groups,83.07
2021,3,VIC,all_groups,83.75
2021,4,VIC,all_groups,84.7
2022,1,VIC,all_groups,86.64
2022,2,VIC,all_groups,88.16
2022,3,VIC,all_groups,89.99
2022,4,VIC,all_groups,91.41
2023,1,VIC,all_groups,92.55
2023,2,VIC,all_groups,93.14
2023,3,VIC,all_groups,94.35
2023,4,VIC,all_groups,94.94
2024,1,VIC,all_groups,95.89
2024,2,VIC,all_groups,96.51
2024,3,VIC,all_groups,97.15
2024,4,VIC,all_groups,97.29
2025,1,VIC,all_groups,98.11
2025,2,VIC,all_groups,98.48
2025,3,VIC,all_groups,99.66
2025,4,VIC,all_groups,100.36
2026,1,VIC,all_groups,101.79
2026,2,VIC,all_groups,101.96
2012,1,WA,all_groups,69.73
2012,2,WA,all_groups,70.08
2012,3,WA,all_groups,70.86
2012,4,WA,all_groups,71.0
2013,1,WA,all_groups,71.35
2013,2,WA,all_groups,71.78
2013,3,WA,all_groups,72.62
2013,4,WA,all_groups,73.1
2014,1,WA,all_groups,73.63
2014,2,WA,all_groups,74.17
2014,3,WA,all_groups,74.54
2014,4,WA,all_groups,74.6
2015,1,WA,all_groups,74.67
2015,2,WA,all_groups,75.11
2015,3,WA,all_groups,75.38
2015,4,WA,all_groups,75.71
2016,1,WA,all_groups,75.24
2016,2,WA,all_groups,75.45
2016,3,WA,all_groups,75.7
2016,4,WA,all_groups,75.99
2017,1,WA,all_groups,75.96
2017,2,WA,all_groups,75.96
2017,3,WA,all_groups,76.3
2017,4,WA,all_groups,76.64
2018,1,WA,all_groups,76.65
2018,2,WA,all_groups,76.82
2018,3,WA,all_groups,77.2
2018,4,WA,all_groups,77.57
2019,1,WA,all_groups,77.49
2019,2,WA,all_groups,78.08
2019,3,WA,all_groups,78.47
2019,4,WA,all_groups,78.85
2020,1,WA,all_groups,79.1
2020,2,WA,all_groups,78.13
2020,3,WA,all_groups,79.52
2020,4,WA,all_groups,78.77
2021,1,WA,all_groups,79.86
2021,2,WA,all_groups,81.43
2021,3,WA,all_groups,82.07
2021,4,WA,all_groups,83.26
2022,1,WA,all_groups,85.97
2022,2,WA,all_groups,87.43
2022,3,WA,all_groups,86.99
2022,4,WA,all_groups,90.11
2023,1,WA,all_groups,90.93
2023,2,WA,all_groups,91.67
2023,3,WA,all_groups,92.01
2023,4,WA,all_groups,93.4
2024,1,WA,all_groups,93.96
2024,2,WA,all_groups,95.89
2024,3,WA,all_groups,95.47
2024,4,WA,all_groups,96.14
2025,1,WA,all_groups,96.63
2025,2,WA,all_groups,98.52
2025,3,WA,all_groups,99.72
2025,4,WA,all_groups,99.89
2026,1,WA,all_groups,101.41
2026,2,WA,all_groups,102.46
2012,1,AUS,automotive_fuel,77.95
2012,2,AUS,automotive_fuel,78.47
2012,3,AUS,automotive_fuel,75.39
2012,4,AUS,automotive_fuel,77.33
2013,1,AUS,automotive_fuel,78.24
2013,2,AUS,automotive_fuel,75.81
2013,3,AUS,automotive_fuel,81.59
2013,4,AUS,automotive_fuel,80.71
2014,1,AUS,automotive_fuel,83.98
2014,2,AUS,automotive_fuel,81.72
2014,3,AUS,automotive_fuel,79.58
2014,4,AUS,automotive_fuel,74.24
2015,1,AUS,automotive_fuel,65.16
2015,2,AUS,automotive_fuel,73.1
2015,3,AUS,automotive_fuel,71.8
2015,4,AUS,automotive_fuel,67.74
2016,1,AUS,automotive_fuel,60.99
2016,2,AUS,automotive_fuel,64.63
2016,3,AUS,automotive_fuel,62.75
2016,4,AUS,automotive_fuel,67.02
2017,1,AUS,automotive_fuel,70.86
2017,2,AUS,automotive_fuel,69.04
2017,3,AUS,automotive_fuel,67.43
2017,4,AUS,automotive_fuel,74.42
2018,1,AUS,automotive_fuel,75.12
2018,2,AUS,automotive_fuel,80.3
2018,3,AUS,automotive_fuel,81.48
2018,4,AUS,automotive_fuel,79.43
2019,1,AUS,automotive_fuel,72.51
2019,2,AUS,automotive_fuel,79.91
2019,3,AUS,automotive_fuel,78.28
2019,4,AUS,automotive_fuel,81.75
2020,1,AUS,automotive_fuel,76.86
2020,2,AUS,automotive_fuel,61.95
2020,3,AUS,automotive_fuel,67.79
2020,4,AUS,automotive_fuel,68.13
2021,1,AUS,automotive_fuel,74.09
2021,2,AUS,automotive_fuel,78.92
2021,3,AUS,automotive_fuel,84.53
2021,4,AUS,automotive_fuel,90.19
2022,1,AUS,automotive_fuel,100.06
2022,2,AUS,automotive_fuel,104.25
2022,3,AUS,automotive_fuel,99.79
2022,4,AUS,automotive_fuel,102.04
2023,1,AUS,automotive_fuel,101.15
2023,2,AUS,automotive_fuel,100.49
2023,3,AUS,automotive_fuel,107.71
2023,4,AUS,automotive_fuel,107.47
2024,1,AUS,automotive_fuel,106.38
2024,2,AUS,automotive_fuel,108.29
2024,3,AUS,automotive_fuel,101.0
2024,4,AUS,automotive_fuel,99.04
2025,1,AUS,automotive_fuel,100.95
2025,2,AUS,automotive_fuel,97.46
2025,3,AUS,automotive_fuel,99.41
2025,4,AUS,automotive_fuel,100.55
2026,1,AUS,automotive_fuel,105.79
2026,2,AUS,automotive_fuel,103.58
2012,1,AUS,motor_vehicles,89.52
2012,2,AUS,motor_vehicles,90.56
2012,3,AUS,motor_vehicles,89.59
2012,4,AUS,motor_vehicles,88.84
2013,1,AUS,motor_vehicles,87.6
2013,2,AUS,motor_vehicles,87.42
2013,3,AUS,motor_vehicles,86.76
2013,4,AUS,motor_vehicles,86.24
2014,1,AUS,motor_vehicles,86.62
2014,2,AUS,motor_vehicles,86.85
2014,3,AUS,motor_vehicles,86.54
2014,4,AUS,motor_vehicles,85.54
2015,1,AUS,motor_vehicles,85.94
2015,2,AUS,motor_vehicles,85.66
2015,3,AUS,motor_vehicles,86.51
2015,4,AUS,motor_vehicles,86.27
2016,1,AUS,motor_vehicles,86.92
2016,2,AUS,motor_vehicles,85.7
2016,3,AUS,motor_vehicles,85.21
2016,4,AUS,motor_vehicles,84.7
2017,1,AUS,motor_vehicles,84.36
2017,2,AUS,motor_vehicles,84.66
2017,3,AUS,motor_vehicles,84.22
2017,4,AUS,motor_vehicles,83.35
2018,1,AUS,motor_vehicles,84.52
2018,2,AUS,motor_vehicles,82.8
2018,3,AUS,motor_vehicles,82.66
2018,4,AUS,motor_vehicles,82.44
2019,1,AUS,motor_vehicles,84.4
2019,2,AUS,motor_vehicles,85.56
2019,3,AUS,motor_vehicles,85.71
2019,4,AUS,motor_vehicles,85.17
2020,1,AUS,motor_vehicles,84.58
2020,2,AUS,motor_vehicles,85.01
2020,3,AUS,motor_vehicles,87.16
2020,4,AUS,motor_vehicles,88.73
2021,1,AUS,motor_vehicles,89.33
2021,2,AUS,motor_vehicles,91.3
2021,3,AUS,motor_vehicles,92.6
2021,4,AUS,motor_vehicles,94.33
2022,1,AUS,motor_vehicles,95.24
2022,2,AUS,motor_vehicles,96.38
2022,3,AUS,motor_vehicles,96.82
2022,4,AUS,motor_vehicles,99.01
2023,1,AUS,motor_vehicles,100.82
2023,2,AUS,motor_vehicles,100.17
2023,3,AUS,motor_vehicles,100.69
2023,4,AUS,motor_vehicles,100.15
2024,1,AUS,motor_vehicles,101.2
2024,2,AUS,motor_vehicles,100.86
2024,3,AUS,motor_vehicles,100.06
2024,4,AUS,motor_vehicles,99.93
2025,1,AUS,motor_vehicles,100.09
2025,2,AUS,motor_vehicles,99.89
2025,3,AUS,motor_vehicles,100.55
2025,4,AUS,motor_vehicles,100.43
2026,1,AUS,motor_vehicles,101.44
2026,2,AUS,motor_vehicles,101.14
