brand,n,retained,ci_lo,ci_hi
Toyota,2257,0.7226463480934732,0.6993550983546923,0.7467132872004598
Mitsubishi,942,0.7033869484275738,0.6792769439629074,0.7283527044681658
Holden,936,0.6985632896587971,0.6638605156044884,0.7350801232915215
Mazda,1010,0.6828567176218407,0.6610472876619407,0.7053856895026495
Nissan,840,0.6767081733006779,0.6506409635906619,0.7038197369018415
Hyundai,1159,0.6712168211224024,0.6499202373015928,0.693211251319438
Honda,295,0.6597577486970386,0.632602095003873,0.6880791107135361
Subaru,499,0.6587513130624101,0.6301501045287099,0.6886506712333303
Volkswagen,814,0.6585180290250178,0.6323101999721615,0.6858121133742363
Kia,772,0.640325537206059,0.6156178317883585,0.6660248817145807
Ford,947,0.6238896725087182,0.5988071202731509,0.6500228709462929
Jeep,286,0.5794453113035349,0.543131302522455,0.6181872914197742
Audi,413,0.5592366252682732,0.5300840209977887,0.5899925118526667
Mercedes-Benz,516,0.5313993928868918,0.5010510046144193,0.5635859666180393
BMW,404,0.5262068999072637,0.4962219344117007,0.5580037525714905
