year,motor_vehicles_index,all_groups_index,car_price,real_car_index
2012,89.6275,70.17,47267.50439240475,1.0892180558585964
2013,87.005,71.8775,45884.45755667819,1.0322295172122904
2014,86.3875,73.66749999999999,45558.80210536794,1.0
2015,86.095,74.775,45404.54426001045,0.9818531425076364
2016,85.6325,75.7325,45160.632282308434,0.9642315896244767
2017,84.1475,77.2075,44377.47706741657,0.9294087426168018
2018,83.10499999999999,78.6925,43827.686285245,0.9005728229527196
2019,85.21000000000001,79.94500000000001,44937.81539456985,0.9089171211516699
2020,86.37,80.6275,45549.57300350895,0.913492006594329
2021,91.89,82.935,48460.69541846054,0.9448338156954559
2022,96.8625,88.4225,51083.07878953787,0.9341527787334387
2023,100.4575,93.355,52979.0,0.9176346591596135
2024,100.5125,96.3125,53008.005748699696,0.8899435193975951
2025,100.24,99.045,52864.29544832392,0.8630451721186642
