year,segment,share
2008,SUV,0.2846715328467153
2008,Sedan,0.2116788321167883
2008,Hatchback,0.1897810218978102
2008,Ute,0.17153284671532848
2008,Wagon,0.14233576642335766
2009,Sedan,0.25696594427244585
2009,SUV,0.23839009287925697
2009,Hatchback,0.2043343653250774
2009,Wagon,0.1609907120743034
2009,Ute,0.1393188854489164
2010,SUV,0.2804878048780488
2010,Sedan,0.2048780487804878
2010,Hatchback,0.18536585365853658
2010,Wagon,0.17317073170731706
2010,Ute,0.15609756097560976
2011,SUV,0.32397408207343414
2011,Sedan,0.20518358531317496
2011,Hatchback,0.18142548596112312
2011,Ute,0.17278617710583152
2011,Wagon,0.11663066954643629
2012,SUV,0.36908517350157727
2012,Hatchback,0.23817034700315456
2012,Ute,0.14511041009463724
2012,Sedan,0.14511041009463724
2012,Wagon,0.10252365930599369
2013,SUV,0.37516170763260026
2013,Hatchback,0.24191461836998707
2013,Sedan,0.15265200517464425
2013,Ute,0.1500646830530401
2013,Wagon,0.08020698576972833
2014,SUV,0.3515527950310559
2014,Hatchback,0.25093167701863356
2014,Ute,0.1565217391304348
2014,Sedan,0.1391304347826087
2014,Wagon,0.10186335403726708
2015,SUV,0.44308943089430897
2015,Hatchback,0.18089430894308944
2015,Ute,0.1676829268292683
2015,Sedan,0.13516260162601626
2015,Wagon,0.07317073170731707
2016,SUV,0.44236453201970444
2016,Ute,0.20689655172413793
2016,Hatchback,0.1399014778325123
2016,Sedan,0.129064039408867
2016,Wagon,0.08177339901477833
2017,SUV,0.42650602409638555
2017,Ute,0.21847389558232932
2017,Hatchback,0.16305220883534136
2017,Sedan,0.1108433734939759
2017,Wagon,0.08112449799196787
2018,SUV,0.45927903871829107
2018,Hatchback,0.18891855807743657
2018,Ute,0.1882510013351135
2018,Sedan,0.10213618157543392
2018,Wagon,0.06141522029372497
2019,SUV,0.4879089615931721
2019,Hatchback,0.1806543385490754
2019,Ute,0.1507823613086771
2019,Sedan,0.1166429587482219
2019,Wagon,0.06401137980085349
2020,SUV,0.530631479736098
2020,Hatchback,0.20075400565504242
2020,Ute,0.12535344015080113
2020,Sedan,0.10084825636192271
2020,Wagon,0.04241281809613572
2021,SUV,0.5653002859866539
2021,Hatchback,0.18303145853193517
2021,Ute,0.12392755004766444
2021,Sedan,0.0886558627264061
2021,Wagon,0.03908484270734033
2022,SUV,0.6229116945107399
2022,Hatchback,0.1249005568814638
2022,Ute,0.12092283214001591
2022,Sedan,0.07080350039777247
2022,Wagon,0.060461416070007955
2023,SUV,0.5719591457753017
2023,Ute,0.21727019498607242
2023,Hatchback,0.08356545961002786
2023,Wagon,0.06685236768802229
2023,Sedan,0.060352831940575676
