segment,age,retained,retained_lo,retained_hi
Hatchback,0,1.0,1.0,1.0
Hatchback,1,0.9193743780539614,0.9106110806998756,0.9282220093044203
Hatchback,2,0.8443956553808376,0.8292543031891718,0.8598134734832746
Hatchback,3,0.7747485666755766,0.7551954908560591,0.7948078991910528
Hatchback,4,0.7101282180144439,0.6877673425555683,0.7332160962260666
Hatchback,5,0.6502404114932337,0.6263630207541014,0.6750280248502702
Hatchback,6,0.5948018912342774,0.5704302723717118,0.6202147868921865
Hatchback,7,0.5435405158908343,0.5194660049818216,0.5687307534690609
Hatchback,8,0.4961953628446695,0.4730112389069234,0.5205158310350444
Hatchback,9,0.45251676931404167,0.43064635336474555,0.4754978764141115
Hatchback,10,0.4122663155686319,0.3919865481049647,0.4335952745680003
Hatchback,11,0.3752167553889107,0.3566774677345552,0.394719673263347
Hatchback,12,0.34115189881392416,0.32439102585088103,0.35877878482941344
Hatchback,13,0.30986645209728897,0.29482170887241643,0.32567892813114646
Hatchback,14,0.2811658196401176,0.2676841749484966,0.29532645382981443
Hatchback,15,0.25486587249536036,0.24271384247253439,0.26762632201404757
Sedan,0,1.0,1.0,1.0
Sedan,1,0.8819232072017132,0.8688615459320492,0.8951812254121606
Sedan,2,0.7802071103076357,0.7584844222617906,0.8025519273809036
Sedan,3,0.6923686560697628,0.6652458353667361,0.7205973046694542
Sedan,4,0.6163299266555642,0.5862048609231518,0.648003119409566
Sedan,5,0.5503481045334382,0.5189657504926024,0.5836281794628095
Sedan,6,0.4929581557587355,0.4615699342425651,0.5264808760298235
Sedan,7,0.4429258215735429,0.4124103656877178,0.4756992057885139
Sedan,8,0.39920898248626124,0.37016328862442344,0.4305338119561998
Sedan,9,0.3609258367241243,0.33373359310451733,0.3903336742436132
Sedan,10,0.3273286364099946,0.3022107497929601,0.35453416626453277
Sedan,11,0.2977819658891835,0.2748329375117513,0.3226472780579122
Sedan,12,0.2717447398042517,0.25095747364168103,0.29425385321146946
Sedan,13,0.24875525361229167,0.23003611643233543,0.2689976563654828
Sedan,14,0.2284187440114471,0.2115944092979292,0.24658081841048726
Sedan,15,0.21039701731770866,0.19521529062537418,0.2267594139494848
SUV,0,1.0,1.0,1.0
SUV,1,0.8995042664532334,0.8920755586527018,0.9069948363898256
SUV,2,0.8102803027506444,0.7977504649641668,0.8230069399648259
SUV,3,0.7309642925646491,0.715138622486147,0.747140177028948
SUV,4,0.6603677707912783,0.6426334667663023,0.6785914759376009
SUV,5,0.5974539035437226,0.5788634924282235,0.6166413524582259
SUV,6,0.5413171206832325,0.5226550075456446,0.5606455901394857
SUV,7,0.491165608364158,0.47300080186481397,0.5100280039455031
SUV,8,0.44630624397623153,0.42903362921565696,0.46427424296860315
SUV,9,0.4061316190181845,0.3900035815297453,0.4229266083130873
SUV,10,0.3701088487309491,0.35525860460155495,0.3855798512257879
SUV,11,0.33776991233971576,0.3242276453434279,0.3518778096825599
SUV,12,0.30870330582434885,0.2964063745857233,0.321510396529345
SUV,13,0.2825468213623389,0.27134631798499703,0.29420965375463637
SUV,14,0.2589812948922448,0.2486495405431571,0.26974234883986264
SUV,15,0.23772518640280169,0.2279715028162177,0.24789617804031294
Ute,0,1.0,1.0,1.0
Ute,1,0.8915948096798393,0.8811672417019495,0.9021457755427021
Ute,2,0.798025395592728,0.7805053855360412,0.8159386774423769
Ute,3,0.7170468653303966,0.6949367297075042,0.7398604579391768
Ute,4,0.6467851199502052,0.6219522109390324,0.6726095414266622
Ute,5,0.585671575875686,0.5594986703074166,0.6130688292793295
Ute,6,0.5323900414788226,0.5058894891582154,0.5602788006871946
Ute,7,0.4858333776263558,0.459733399551293,0.5134151032885715
Ute,8,0.4450680535339163,0.41987742586045734,0.47176999780479045
Ute,9,0.4093050896771447,0.3853607856366136,0.4347371675580739
Ute,10,0.37787618041941046,0.35537724759948597,0.4017995206302267
Ute,11,0.35021402761475073,0.3292439978299719,0.37251966914058726
Ute,12,0.32583610608730895,0.30637562726586226,0.3465326826993652
Ute,13,0.30433123297884257,0.2862626321123696,0.32354030521897276
Ute,14,0.2853484336176102,0.26845507565841703,0.30330485787360373
Ute,15,0.26858769315327563,0.2525537329907935,0.28563960650713444
Wagon,0,1.0,1.0,1.0
Wagon,1,0.8641738870802537,0.8494859682263501,0.8791157653500017
Wagon,2,0.7507127836370127,0.7268394587477847,0.775370237173093
Wagon,3,0.6555684087307176,0.626378441923684,0.6861186620756772
Wagon,4,0.5754846660813575,0.5436736775214991,0.6091569531277798
Wagon,5,0.5078331285725403,0.4752547408934491,0.5426447424615877
Wagon,6,0.4504844812808551,0.41838835868314633,0.485042816472264
Wagon,7,0.4017077160607166,0.3709103440116038,0.4350622508863461
Wagon,8,0.3600908171795017,0.3310973859658993,0.39162313601097387
Wagon,9,0.32447814637159567,0.29756852572960757,0.35382124912100843
Wagon,10,0.29392084781251887,0.2692087450928471,0.3209014058924242
Wagon,11,0.26763743830990055,0.24510901553508418,0.2922364900724467
Wagon,12,0.24498239182088444,0.22451870402444832,0.267311236108623
Wagon,13,0.22542101963993216,0.2068077723583291,0.24570950847757217
Wagon,14,0.20850932515797344,0.1914382005264579,0.2271027337191504
Wagon,15,0.19387780262251927,0.17794663339723468,0.21123525425640718
