group,sex,work_status,median_weekly,segment,median_price,weeks,weeks_lo,weeks_hi
Full-time females,Females,Full-time,1500.0,Hatchback,32340.0,21.56,19.059083333333334,23.982
Full-time females,Females,Full-time,1500.0,Sedan,69788.0,46.525333333333336,39.25866666666667,53.46666666666667
Full-time females,Females,Full-time,1500.0,SUV,49500.0,33.0,31.925333333333334,34.32666666666667
Full-time females,Females,Full-time,1500.0,Ute,56577.5,37.718333333333334,35.29666666666667,39.666666666666664
Full-time females,Females,Full-time,1500.0,Wagon,61990.0,41.32666666666667,38.0,44.101333333333336
Part-time females,Females,Part-time,700.0,Hatchback,32340.0,46.2,40.840892857142855,51.39
Part-time females,Females,Part-time,700.0,Sedan,69788.0,99.69714285714285,84.12571428571428,114.57142857142857
Part-time females,Females,Part-time,700.0,SUV,49500.0,70.71428571428571,68.41142857142857,73.55714285714286
Part-time females,Females,Part-time,700.0,Ute,56577.5,80.825,75.63571428571429,85.0
Part-time females,Females,Part-time,700.0,Wagon,61990.0,88.55714285714286,81.42857142857143,94.50285714285714
Full-time males,Males,Full-time,1700.0,Hatchback,32340.0,19.023529411764706,16.816838235294117,21.160588235294117
Full-time males,Males,Full-time,1700.0,Sedan,69788.0,41.051764705882356,34.64,47.1764705882353
Full-time males,Males,Full-time,1700.0,SUV,49500.0,29.11764705882353,28.16941176470588,30.288235294117648
Full-time males,Males,Full-time,1700.0,Ute,56577.5,33.28088235294118,31.144117647058824,35.0
Full-time males,Males,Full-time,1700.0,Wagon,61990.0,36.46470588235294,33.529411764705884,38.91294117647059
Part-time males,Males,Part-time,600.0,Hatchback,32340.0,53.9,47.647708333333334,59.955
Part-time males,Males,Part-time,600.0,Sedan,69788.0,116.31333333333333,98.14666666666666,133.66666666666666
Part-time males,Males,Part-time,600.0,SUV,49500.0,82.5,79.81333333333333,85.81666666666666
Part-time males,Males,Part-time,600.0,Ute,56577.5,94.29583333333333,88.24166666666666,99.16666666666667
Part-time males,Males,Part-time,600.0,Wagon,61990.0,103.31666666666666,95.0,110.25333333333333
