fold,model,rmse_log,mape,r2_log
0,hedonic,0.32839130493529917,0.24585834466085324,0.7256988766571111
0,segment median,0.5941437626987635,0.5254064405894024,0.10210123998186871
1,hedonic,0.33237589912233867,0.2474628844461731,0.7357700598998256
1,segment median,0.6089444911377233,0.5364505512985185,0.11309237662373717
2,hedonic,0.339272691840715,0.2421323872021511,0.7179950934938995
2,segment median,0.6015730395002207,0.5280063914301969,0.11338395956923009
3,hedonic,0.34868286525828435,0.2570666565573394,0.6927565723792015
3,segment median,0.5975805576529216,0.5237991094182204,0.09756837224998749
4,hedonic,0.33925637909223066,0.2524391992675103,0.7192456368190003
4,segment median,0.6127631649520857,0.5587562814038327,0.0840837366225815
