year,mix_price,vs_2014,suv_ute_share
2008,53529.69525547445,0.0621656929066019,0.4562043795620438
2009,54203.75077399381,0.07554067371806883,0.3777089783281734
2010,53743.37073170731,0.06640555938046933,0.4365853658536586
2011,53229.11447084234,0.05620140344335267,0.4967602591792657
2012,50664.53627760252,0.005313630579427242,0.5141955835962145
2013,50509.617076326,0.00223963847125086,0.5252263906856404
2014,50396.74658385093,0.0,0.5080745341614907
2015,51238.71087398374,0.01670671912782984,0.6107723577235773
2016,52203.401970443345,0.035848651134383624,0.6492610837438424
2017,51510.30843373494,0.022095907481473054,0.6449799196787149
2018,50429.718958611484,0.0006542560184057411,0.6475300400534045
2019,50633.08819345661,0.0046896203748481025,0.6386913229018492
2020,49517.99575871819,-0.017436657814223322,0.6559849198868992
2021,49523.097235462345,-0.01733543150320216,0.6892278360343184
2022,50404.16229116945,0.00014714654856096132,0.7438345266507558
2023,51663.17084493965,0.025129087628337654,0.7892293407613742
