year,sex,work_status,median_weekly,rse_pct,car_price,weeks,weeks_lo,weeks_hi
2014,Females,Full-time,1100.0,0.6,45558.80210536794,41.417092823061765,40.935689119022065,41.90995388069878
2015,Females,Full-time,1125.4,1.1,45404.54426001045,40.345249920037716,39.493764360426916,41.23426057810158
2016,Females,Full-time,1150.0,0.7,45160.632282308434,39.27011502809429,38.73862114597156,39.81639598095297
2017,Females,Full-time,1190.9,1.1,44377.47706741657,37.26381481855451,36.477362874970154,38.08492581921683
2018,Females,Full-time,1235.1,1.0,43827.686285245,35.48513179924298,34.8029931338201,36.194544878868804
2019,Females,Full-time,1250.0,0.3,44937.81539456985,35.95025231565588,35.7401005245714,36.162890109499735
2020,Females,Full-time,1342.0,1.2,45549.57300350895,33.94155961513334,33.16159881109636,34.75909349411493
2021,Females,Full-time,1374.3,1.1,48460.69541846054,35.262093733872184,34.51788806714455,36.039096657814675
2022,Females,Full-time,1438.0,0.9,51083.07878953787,35.523698740986,34.907922979625404,36.16158917401564
2023,Females,Full-time,1500.0,0.0,52979.0,35.31933333333333,35.31933333333333,35.31933333333333
2024,Females,Full-time,1598.1,0.8,53008.005748699696,33.16939224622971,32.65732538420537,33.69777333207667
2014,Females,Part-time,498.0,1.0,45558.80210536794,91.48353836419265,89.72492974126388,93.31246263177546
2015,Females,Part-time,500.0,0.6,45404.54426001045,90.80908852002091,89.75358634460831,91.8897115275853
2016,Females,Part-time,503.0,1.2,45160.632282308434,89.78256914971855,87.71940865808051,91.94511833290856
2017,Females,Part-time,535.0,1.9,44377.47706741657,82.9485552661992,79.97045550325787,86.15704356869749
2018,Females,Part-time,550.0,1.1,43827.686285245,79.68670233680909,78.00491634050775,81.44260489841899
2019,Females,Part-time,573.9,2.2,44937.81539456985,78.3025185477781,75.06568616053579,81.83107447932667
2020,Females,Part-time,708.0,1.6,45549.57300350895,64.33555508970191,62.37933901809446,66.41843728289345
2021,Females,Part-time,613.0,1.6,48460.69541846054,79.05496805621623,76.65118683700767,81.61439549906694
2022,Females,Part-time,650.0,1.5,51083.07878953787,78.58935198390441,76.34481443938645,80.96986604564641
2023,Females,Part-time,700.0,0.7,52979.0,75.68428571428572,74.65995118404066,76.7371189867844
2024,Females,Part-time,703.0,1.4,53008.005748699696,75.40256863257424,73.38878049577032,77.52999160213687
2014,Females,Total,825.0,0.9,45558.80210536794,55.22279043074902,54.26554619585415,56.214412670252266
2015,Females,Total,850.0,0.7,45404.54426001045,53.41711089412994,52.69414719461976,54.16018868285877
2016,Females,Total,870.0,1.1,45160.632282308434,51.908772738285556,50.813239298999136,53.05258650329663
2017,Females,Total,899.0,0.7,44377.47706741657,49.36315580357794,48.69505958605723,50.04983960293015
2018,Females,Total,912.0,0.7,43827.686285245,48.05667355838268,47.40625967563299,48.725183070104514
2019,Females,Total,950.0,0.7,44937.81539456985,47.30296357323142,46.66275063452573,47.96098833316241
2020,Females,Total,1000.0,0.6,45549.57300350895,45.549573003508954,45.02013620177606,46.09161034112053
2021,Females,Total,1020.0,1.3,48460.69541846054,47.51048570437308,46.32999737135105,48.75270461804076
2022,Females,Total,1093.0,0.9,51083.07878953787,46.73657711760097,45.926434807595,47.575814485118464
2023,Females,Total,1150.0,0.3,52979.0,46.068695652173915,45.79939520834883,46.34118180116476
2024,Females,Total,1200.0,0.5,53008.005748699696,44.173338123916416,43.744640645589634,44.610521231989914
2014,Males,Full-time,1302.0,0.8,45558.80210536794,34.99139946648843,34.45120457869451,35.548804724569685
2015,Males,Full-time,1300.0,0.6,45404.54426001045,34.92657250770035,34.520610132541655,35.34219674137896
2016,Males,Full-time,1333.0,1.0,45160.632282308434,33.878943947718255,33.22768139242669,34.55624637670161
2017,Males,Full-time,1361.0,1.1,44377.47706741657,32.606522459527234,31.918362562675945,33.32500966796864
2018,Males,Full-time,1425.0,0.9,43827.686285245,30.75627107736491,30.223134976381544,31.30855396938486
2019,Males,Full-time,1473.0,1.1,44937.81539456985,30.50768187004063,29.86381795493229,31.179920966069083
2020,Males,Full-time,1500.0,0.0,45549.57300350895,30.3663820023393,30.3663820023393,30.3663820023393
2021,Males,Full-time,1538.0,1.2,48460.69541846054,31.508904693407374,30.784845135813054,32.26784439354351
2022,Males,Full-time,1600.0,0.6,51083.07878953787,31.926924243461166,31.555827709596315,32.306852832774595
2023,Males,Full-time,1700.0,1.1,52979.0,31.164117647058823,30.50639967016996,31.85082135548304
2024,Males,Full-time,1789.0,1.0,53008.005748699696,29.62996408535478,29.060380625102763,30.222321588489162
2014,Males,Part-time,400.0,2.1,45558.80210536794,113.89700526341986,109.39433445716303,118.78624719809338
2015,Males,Part-time,400.0,1.4,45404.54426001045,113.51136065002612,110.47979507321705,116.71399260716679
2016,Males,Part-time,416.0,3.1,45160.632282308434,108.55921221708758,102.34097460036915,115.58197288987648
2017,Males,Part-time,426.9,3.0,44377.47706741657,103.95286265499314,98.1798853938356,110.44715539204542
2018,Males,Part-time,460.0,2.5,43827.686285245,95.2775788809674,90.82705327070295,100.18672858145888
2019,Males,Part-time,500.0,1.5,44937.81539456985,89.8756307891397,87.3087534380607,92.59801235229723
2020,Males,Part-time,550.0,2.8,45549.57300350895,82.81740546092537,78.50884030498764,87.62633894206594
2021,Males,Part-time,520.0,2.7,48460.69541846054,93.19364503550105,88.50971112287831,98.40102740581686
2022,Males,Part-time,542.0,3.4,51083.07878953787,94.24922285892596,88.36085545162938,100.97842510813186
2023,Males,Part-time,600.0,2.5,52979.0,88.29833333333333,84.17381633301558,92.84787942516648
2024,Males,Part-time,623.0,2.0,53008.005748699696,85.085081458587,81.87555952519918,88.55649610593983
2014,Males,Total,1173.0,1.1,45558.80210536794,38.839558487099694,38.0198505101019,39.69539111963911
2015,Males,Total,1182.0,1.0,45404.54426001045,38.41332001692931,37.6748921311586,39.18127296708417
2016,Males,Total,1200.0,0.5,45160.632282308434,37.633860235257025,37.26862768395428,38.00632219274594
2017,Males,Total,1200.0,0.1,44377.47706741657,36.98123088951381,36.90888946616013,37.05385644815219
2018,Males,Total,1258.0,0.8,43827.686285245,34.839178287158184,34.3013333797635,35.394158695503684
2019,Males,Total,1280.0,1.0,44937.81539456985,35.1076682770077,34.4327856777243,35.80953516626652
2020,Males,Total,1300.0,0.6,45549.57300350895,35.03813307962227,34.6308740013662,35.45508487778502
2021,Males,Total,1375.6,1.0,48460.69541846054,35.22876956852322,34.55155901189018,35.93305749543372
2022,Males,Total,1411.0,0.7,51083.07878953787,36.20345768216716,35.71346888900995,36.70707880334911
2023,Males,Total,1500.0,0.2,52979.0,35.31933333333333,35.18142215847212,35.458329986881914
2024,Males,Total,1577.1,1.0,53008.005748699696,33.61106191661892,32.96494891782946,34.283008890880176
2014,Persons,Full-time,1208.0,1.0,45558.80210536794,37.714240153450284,36.98925083704422,38.4682172107816
2015,Persons,Full-time,1230.0,1.0,45404.54426001045,36.914263626024756,36.20465243823534,37.652247680563804
2016,Persons,Full-time,1250.0,0.1,45160.632282308434,36.128505825846744,36.05783247419732,36.1994567610985
2017,Persons,Full-time,1281.0,1.0,44377.47706741657,34.64283924076235,33.976892154533495,35.33541334227086
2018,Persons,Full-time,1342.0,0.8,43827.686285245,32.65848456426602,32.154305060910936,33.17872700368378
2019,Persons,Full-time,1375.0,0.7,44937.81539456985,32.68204755968716,32.23971862021778,33.13668284836675
2020,Persons,Full-time,1435.0,0.9,45549.57300350895,31.7418627202153,31.19164215264268,32.311843642061255
2021,Persons,Full-time,1486.9,0.8,48460.69541846054,32.591765026875066,32.08861553528185,33.11094463881163
2022,Persons,Full-time,1500.4,0.5,51083.07878953787,34.04630684453337,33.7158911116393,34.38326282017104
2023,Persons,Full-time,1600.0,0.4,52979.0,33.111875,32.85429730909668,33.37352342364135
2024,Persons,Full-time,1700.0,0.6,53008.005748699696,31.181179852176292,30.818751336459528,31.552234125492078
2014,Persons,Part-time,460.0,1.4,45558.80210536794,99.04087414210422,96.39577410077884,101.83523293380792
2015,Persons,Part-time,483.0,1.2,45404.54426001045,94.00526761906926,91.84507153653007,96.26952689155871
2016,Persons,Part-time,487.0,1.0,45160.632282308434,92.73230448112615,90.94969054641638,94.58619388119763
2017,Persons,Part-time,500.0,0.1,44377.47706741657,88.75495413483314,88.58133471878432,88.92925547556526
2018,Persons,Part-time,525.0,1.6,43827.686285245,83.48130720999048,80.94293671462,86.18403866244475
2019,Persons,Part-time,549.0,1.0,44937.81539456985,81.8539442524041,80.28044748176157,83.49035521461046
2020,Persons,Part-time,674.0,1.8,45549.57300350895,67.58096884793613,65.27796233669744,70.05241816064364
2021,Persons,Part-time,600.0,0.7,48460.69541846054,80.76782569743423,79.67468896483668,81.891375367476
2022,Persons,Part-time,617.0,1.5,51083.07878953787,82.79267226829477,80.42808652447519,85.3005071793682
2023,Persons,Part-time,657.0,0.9,52979.0,80.63774733637747,79.23995453832148,82.08573978620615
2024,Persons,Part-time,691.1,1.2,53008.005748699696,76.70091990840645,74.93836945873694,78.54837775316079
2014,Persons,Total,1000.0,0.5,45558.80210536794,45.55880210536794,45.11665884865116,46.00969713731361
2015,Persons,Total,1000.0,0.0,45404.54426001045,45.404544260010454,45.404544260010454,45.404544260010454
2016,Persons,Total,1000.0,0.0,45160.632282308434,45.160632282308434,45.160632282308434,45.160632282308434
2017,Persons,Total,1016.0,0.9,44377.47706741657,43.678619160843084,42.92148417990947,44.46294551981257
2018,Persons,Total,1074.0,1.1,43827.686285245,40.80790156912942,39.94665175724326,41.707106791555354
2019,Persons,Total,1100.0,0.0,44937.81539456985,40.852559449608954,40.852559449608954,40.852559449608954
2020,Persons,Total,1150.0,0.5,45549.57300350895,39.608324350877346,39.223929838460435,40.0003275609749
2021,Persons,Total,1200.0,0.4,48460.69541846054,40.38391284871712,40.06976588418511,40.70302456127753
2022,Persons,Total,1248.0,0.4,51083.07878953787,40.931954158283546,40.613543973531065,41.255396466581544
2023,Persons,Total,1300.0,0.4,52979.0,40.753076923076925,40.436058226580535,41.07510575217397
2024,Persons,Total,1396.0,0.5,53008.005748699696,37.97135082285079,37.6028429618249,38.3471529214813
