region,sex,year,weekly_ote,car_price,weeks,weeks_vs_2014
ACT,Females,2014,1575.85,45558.80210536794,28.910621001597832,1.0
ACT,Females,2015,1595.9499999999998,45404.54426001045,28.449853855077198,0.9840623573428199
ACT,Females,2016,1621.55,45160.632282308434,27.85028662841629,0.9633237081582253
ACT,Females,2017,1656.85,44377.47706741657,26.784245446127635,0.9264500214176418
ACT,Females,2018,1666.1999999999998,43827.686285245,26.30397688467471,0.9098378372163276
ACT,Females,2019,1715.1,44937.81539456985,26.201280038813977,0.9062856186093645
ACT,Females,2020,1802.8,45549.57300350895,25.266015644280536,0.873935417813548
ACT,Females,2021,1857.65,48460.69541846054,26.08709682580709,0.9023360938654797
ACT,Females,2022,1888.35,51083.07878953787,27.05170057962659,0.9357011244459777
ACT,Females,2023,1942.15,52979.0,27.278531524341577,0.9435470626118321
ACT,Females,2024,2061.75,53008.005748699696,25.710200435891693,0.8892994873569385
ACT,Females,2025,2170.1000000000004,52864.29544832392,24.360303879233175,0.8426074236830413
ACT,Males,2014,1767.6999999999998,45558.80210536794,25.772926461146092,1.0
ACT,Males,2015,1803.6,45404.54426001045,25.174398015086744,0.9767768535342054
ACT,Males,2016,1825.9,45160.632282308434,24.73335466471791,0.9596641926559879
ACT,Males,2017,1893.35,44377.47706741657,23.438601984533538,0.9094272635227645
ACT,Males,2018,1932.75,43827.686285245,22.67633490376148,0.8798509916189428
ACT,Males,2019,1914.5,44937.81539456985,23.47235068925038,0.910736726954002
ACT,Males,2020,1942.15,45549.57300350895,23.45316942744327,0.9099924862161088
ACT,Males,2021,2017.05,48460.69541846054,24.025530065422544,0.9322003111149278
ACT,Males,2022,2107.8999999999996,51083.07878953787,24.234109203253418,0.9402932662609148
ACT,Males,2023,2159.45,52979.0,24.533561786566025,0.9519121479491874
ACT,Males,2024,2233.0,53008.005748699696,23.738471002552483,0.9210623030465459
ACT,Males,2025,2305.8,52864.29544832392,22.92666122314334,0.8895637543414547
ACT,Persons,2014,1682.75,45558.80210536794,27.07401699917869,1.0
ACT,Persons,2015,1711.3,45404.54426001045,26.53219439023576,0.9799873580282022
ACT,Persons,2016,1736.2,45160.632282308434,26.011192421557674,0.9607437426942128
ACT,Persons,2017,1788.6,44377.47706741657,24.811292109704,0.916424485899402
ACT,Persons,2018,1811.7,43827.686285245,24.191470047604458,0.8935308731001508
ACT,Persons,2019,1819.75,44937.81539456985,24.69449946122811,0.9121106580518596
ACT,Persons,2020,1875.8,45549.57300350895,24.282744964020125,0.8969021835495177
ACT,Persons,2021,1944.55,48460.69541846054,24.92129048801036,0.9204873620625401
ACT,Persons,2022,2001.4,51083.07878953787,25.52367282379228,0.9427368249257788
ACT,Persons,2023,2055.25,52979.0,25.777399343145603,0.9521084124283287
ACT,Persons,2024,2152.45,53008.005748699696,24.626823270552023,0.9096109850008256
ACT,Persons,2025,2240.3,52864.29544832392,23.59697158787837,0.8715726073672113
AUS,Females,2014,1283.5500000000002,45558.80210536794,35.494372720476754,1.0
AUS,Females,2015,1317.5,45404.54426001045,34.46265218976125,0.9709328422609282
AUS,Females,2016,1361.1999999999998,45160.632282308434,33.17707337812845,0.9347136133212617
AUS,Females,2017,1398.6999999999998,44377.47706741657,31.727659303221973,0.8938785748682422
AUS,Females,2018,1444.95,43827.686285245,30.331628281424962,0.8545475227944119
AUS,Females,2019,1496.9,44937.81539456985,30.020586141071448,0.8457843832735923
AUS,Females,2020,1560.2,45549.57300350895,29.194701322592586,0.8225163338567784
AUS,Females,2021,1583.35,48460.69541846054,30.60643282815584,0.862289723196008
AUS,Females,2022,1631.3,51083.07878953787,31.31433751580817,0.8822338617564266
AUS,Females,2023,1715.4,52979.0,30.884341844467762,0.8701193873092605
AUS,Females,2024,1804.6,53008.005748699696,29.373825639310482,0.8275628892115814
AUS,Females,2025,1882.35,52864.29544832392,28.084200838485895,0.7912296706763345
AUS,Males,2014,1574.0,45558.80210536794,28.944601083461208,1.0
AUS,Males,2015,1597.6,45404.54426001045,28.420470868809748,0.981891952383792
AUS,Males,2016,1622.7,45160.632282308434,27.830549258833077,0.9615108938134685
AUS,Males,2017,1651.1,44377.47706741657,26.877522298719988,0.9285849966015826
AUS,Males,2018,1686.8,43827.686285245,25.98274026870109,0.8976713893475453
AUS,Males,2019,1739.25,44937.81539456985,25.837467525985254,0.8926523966070012
AUS,Males,2020,1808.1,45549.57300350895,25.191954539853413,0.870350725070036
AUS,Males,2021,1841.75,48460.69541846054,26.312309172504705,0.9090575854417084
AUS,Males,2022,1890.0,51083.07878953787,27.0280840156285,0.9337867168282449
AUS,Males,2023,1960.55,52979.0,27.02251919104333,0.933594459053846
AUS,Males,2024,2043.5,53008.005748699696,25.93981196413002,0.8961882697686199
AUS,Males,2025,2127.1000000000004,52864.29544832392,24.852755135312826,0.858631807142561
AUS,Persons,2014,1465.55,45558.80210536794,31.08648773864279,1.0
AUS,Persons,2015,1491.8,45404.54426001045,30.436080077765418,0.9790774800181473
AUS,Persons,2016,1524.7,45160.632282308434,29.619356124029927,0.9528048447625329
AUS,Persons,2017,1556.4,44377.47706741657,28.51289968351103,0.9172120029522473
AUS,Persons,2018,1595.4,43827.686285245,27.471283869402654,0.8837049749835144
AUS,Persons,2019,1646.6,44937.81539456985,27.2912762022166,0.8779144312366796
AUS,Persons,2020,1712.75,45549.57300350895,26.59440840958047,0.8554973669965831
AUS,Persons,2021,1742.75,48460.69541846054,27.8070264917289,0.8945052501753912
AUS,Persons,2022,1788.75,51083.07878953787,28.557975563682945,0.9186620181662813
AUS,Persons,2023,1863.45,52979.0,28.430599157476724,0.9145645335203114
AUS,Persons,2024,1949.6,53008.005748699696,27.189169957273133,0.8746298451553597
AUS,Persons,2025,2030.55,52864.29544832392,26.03447117693429,0.8374851284524989
NSW,Females,2014,1303.35,45558.80210536794,34.955155641514516,1.0
NSW,Females,2015,1335.75,45404.54426001045,33.99179806102224,0.9724401862096661
NSW,Females,2016,1374.4499999999998,45160.632282308434,32.85723910095561,0.9399826291127334
NSW,Females,2017,1420.3,44377.47706741657,31.24514332705525,0.8938636591263502
NSW,Females,2018,1472.9,43827.686285245,29.75605016311019,0.8512635580363542
NSW,Females,2019,1518.65,44937.81539456985,29.590633387923383,0.8465313011732107
NSW,Females,2020,1589.45,45549.57300350895,28.6574431429167,0.8198345170256278
NSW,Females,2021,1613.7,48460.69541846054,30.030795946248087,0.8591235082524419
NSW,Females,2022,1668.9499999999998,51083.07878953787,30.60791443095232,0.8756337618648966
NSW,Females,2023,1728.6,52979.0,30.64850167765822,0.8767948851945178
NSW,Females,2024,1828.45,53008.005748699696,28.990678306051407,0.8293677362895392
NSW,Females,2025,1917.05,52864.29544832392,27.575856366982563,0.7888923925783377
NSW,Males,2014,1585.1,45558.80210536794,28.74191035604564,1.0
NSW,Males,2015,1637.6,45404.54426001045,27.726272752815373,0.9646635317329686
NSW,Males,2016,1643.35,45160.632282308434,27.480836268785367,0.9561242077635589
NSW,Males,2017,1662.15,44377.47706741657,26.698840097113116,0.928916685299494
NSW,Males,2018,1708.0,43827.686285245,25.6602378719233,0.8927812227528524
NSW,Males,2019,1773.6,44937.81539456985,25.33706325810208,0.8815372027897451
NSW,Males,2020,1856.35,45549.57300350895,24.537168639270046,0.853706950418793
NSW,Males,2021,1859.95,48460.69541846054,26.054837720616437,0.9065102979536641
NSW,Males,2022,1889.75,51083.07878953787,27.031659631981938,0.9404962751996071
NSW,Males,2023,1951.15,52979.0,27.152704815109036,0.9447077274526978
NSW,Males,2024,2046.7,53008.005748699696,25.89925526393692,0.9010972111145427
NSW,Males,2025,2171.45,52864.29544832392,24.34515897134354,0.8470264735281495
NSW,Persons,2014,1475.65,45558.80210536794,30.87371809397075,1.0
NSW,Persons,2015,1519.6999999999998,45404.54426001045,29.877307534388667,0.9677262532310071
NSW,Persons,2016,1538.4,45160.632282308434,29.355585206908756,0.9508276624654914
NSW,Persons,2017,1565.85,44377.47706741657,28.340822599493293,0.9179594927061246
NSW,Persons,2018,1614.1,43827.686285245,27.153017957527418,0.8794864899291174
NSW,Persons,2019,1672.15,44937.81539456985,26.874272878970096,0.8704579343884825
NSW,Persons,2020,1750.4,45549.57300350895,26.02237945812897,0.842865099011538
NSW,Persons,2021,1762.6999999999998,48460.69541846054,27.492310329869262,0.8904761728467737
NSW,Persons,2022,1800.1,51083.07878953787,28.37791166576183,0.9191608078880424
NSW,Persons,2023,1861.65,52979.0,28.45808825504257,0.9217577283184456
NSW,Persons,2024,1960.65,53008.005748699696,27.03593489337704,0.8756941684538092
NSW,Persons,2025,2068.0,52864.29544832392,25.56300553594,0.8279859736405423
NT,Females,2014,1274.25,45558.80210536794,35.75342523474039,1.0
NT,Females,2015,1349.6,45404.54426001045,33.642964033795536,0.9409717757924297
NT,Females,2016,1379.6,45160.632282308434,32.7345841420038,0.9155649822942478
NT,Females,2017,1420.85,44377.47706741657,31.23304857473806,0.8735680111674997
NT,Females,2018,1483.5500000000002,43827.686285245,29.54243961123319,0.8262827803845715
NT,Females,2019,1555.95,44937.81539456985,28.881272145358043,0.8077903573080626
NT,Females,2020,1577.5500000000002,45549.57300350895,28.87361605242873,0.807576221379014
NT,Females,2021,1572.5500000000002,48460.69541846054,30.81663248765415,0.86192112462866
NT,Females,2022,1597.95,51083.07878953787,31.96788309367494,0.8941208537025099
NT,Females,2023,1642.6,52979.0,32.253135273347134,0.9020991712426998
NT,Females,2024,1741.9499999999998,53008.005748699696,30.430268233129368,0.851114768258939
NT,Females,2025,1812.2,52864.29544832392,29.17133619265198,0.8159032596492932
NT,Males,2014,1563.25,45558.80210536794,29.143644398124383,1.0
NT,Males,2015,1670.15,45404.54426001045,27.185908008268985,0.9328245855902155
NT,Males,2016,1762.35,45160.632282308434,25.62523464823017,0.8792735149444573
NT,Males,2017,1792.85,44377.47706741657,24.7524762626079,0.8493267322531877
NT,Males,2018,1804.8,43827.686285245,24.28395738322529,0.8332505383159338
NT,Males,2019,1798.25,44937.81539456985,24.989748585886193,0.8574682096894675
NT,Males,2020,1814.5,45549.57300350895,25.10309892725762,0.8613575771214528
NT,Males,2021,1795.8,48460.69541846054,26.98557490726169,0.9259505962472703
NT,Males,2022,1840.3,51083.07878953787,27.758017056750457,0.9524552481342003
NT,Males,2023,1943.5,52979.0,27.25958322613841,0.9353525885010034
NT,Males,2024,1988.15,53008.005748699696,26.66197507667917,0.9148469804413024
NT,Males,2025,2044.65,52864.29544832392,25.854936271891972,0.887155220489718
NT,Persons,2014,1435.5500000000002,45558.80210536794,31.736130476380435,1.0
NT,Persons,2015,1533.25,45404.54426001045,29.6132687167849,0.9331089919366361
NT,Persons,2016,1604.1,45160.632282308434,28.153252466996094,0.8871041316126774
NT,Persons,2017,1632.2,44377.47706741657,27.1887495818016,0.8567128119805527
NT,Persons,2018,1655.9,43827.686285245,26.467592418168365,0.8339892740820066
NT,Persons,2019,1687.6999999999998,44937.81539456985,26.626660777726997,0.8390014906683047
NT,Persons,2020,1702.65,45549.57300350895,26.752164569059378,0.8429560934963269
NT,Persons,2021,1696.9,48460.69541846054,28.558368447439765,0.8998692663144389
NT,Persons,2022,1727.1999999999998,51083.07878953787,29.575659326967273,0.9319239265473436
NT,Persons,2023,1804.35,52979.0,29.361820045999945,0.9251858876699676
NT,Persons,2024,1866.2,53008.005748699696,28.404246998553045,0.8950129260305651
NT,Persons,2025,1934.65,52864.29544832392,27.324991832281768,0.8610057818050109
QLD,Females,2014,1239.6,45558.80210536794,36.75282518987411,1.0
QLD,Females,2015,1273.8000000000002,45404.54426001045,35.64495545612376,0.9698562021279501
QLD,Females,2016,1312.15,45160.632282308434,34.41727872751471,0.9364526005744214
QLD,Females,2017,1336.0,44377.47706741657,33.21667445165911,0.9037856077744669
QLD,Females,2018,1380.25,43827.686285245,31.753440525444667,0.863972779273392
QLD,Females,2019,1427.2,44937.81539456985,31.48669800628493,0.8567150373778594
QLD,Females,2020,1480.0,45549.57300350895,30.776738515884425,0.837397896811585
QLD,Females,2021,1488.85,48460.69541846054,32.54907842862649,0.8856211260078637
QLD,Females,2022,1561.5,51083.07878953787,32.71410745407484,0.8901113665430002
QLD,Females,2023,1673.8,52979.0,31.651929740709765,0.8612107933795057
QLD,Females,2024,1784.9499999999998,53008.005748699696,29.697193618140396,0.8080247835293589
QLD,Females,2025,1847.75,52864.29544832392,28.610090893423852,0.778446030900131
QLD,Males,2014,1580.3000000000002,45558.80210536794,28.829210975996922,1.0
QLD,Males,2015,1551.85,45404.54426001045,29.2583331249866,1.0148849772318418
QLD,Males,2016,1569.3,45160.632282308434,28.777564699106886,0.9982085435174401
QLD,Males,2017,1620.35,44377.47706741657,27.38758729127446,0.9499943412976946
QLD,Males,2018,1668.85,43827.686285245,26.262208278302424,0.910958274236788
QLD,Males,2019,1702.3,44937.81539456985,26.398293717070935,0.915678675321709
QLD,Males,2020,1728.2,45549.57300350895,26.35665606035699,0.9142343882495233
QLD,Males,2021,1765.85,48460.69541846054,27.443268351479766,0.9519257524713012
QLD,Males,2022,1839.95,51083.07878953787,27.763297257826498,0.9630266080102609
QLD,Males,2023,1909.65,52979.0,27.742780090592515,0.9623149282056673
QLD,Males,2024,2020.85,53008.005748699696,26.230549396887298,0.909860121344519
QLD,Males,2025,2050.25,52864.29544832392,25.78431676543052,0.8943816321195344
QLD,Persons,2014,1447.85,45558.80210536794,31.466520775886966,1.0
QLD,Persons,2015,1443.8000000000002,45404.54426001045,31.447945878937833,0.9994096933346579
QLD,Persons,2016,1471.1999999999998,45160.632282308434,30.69646022451634,0.9755276232521796
QLD,Persons,2017,1511.9499999999998,44377.47706741657,29.35115385258545,0.9327740445673124
QLD,Persons,2018,1557.95,43827.686285245,28.13163855402612,0.8940180820875376
QLD,Persons,2019,1593.25,44937.81539456985,28.205124992668978,0.8963534670246346
QLD,Persons,2020,1630.4,45549.57300350895,27.93766744572433,0.887853717438414
QLD,Persons,2021,1659.0500000000002,48460.69541846054,29.209906523890503,0.9282852315300862
QLD,Persons,2022,1732.9,51083.07878953787,29.478376588111182,0.9368171587212999
QLD,Persons,2023,1817.85,52979.0,29.143768737794648,0.926183385362634
QLD,Persons,2024,1927.35,53008.005748699696,27.503051209536252,0.8740416967424008
QLD,Persons,2025,1974.1,52864.29544832392,26.778934931525214,0.8510294201971677
SA,Females,2014,1216.1,45558.80210536794,37.46303931039219,1.0
SA,Females,2015,1262.75,45404.54426001045,35.956875280150825,0.9597960000585548
SA,Females,2016,1323.8,45160.632282308434,34.114392115356125,0.9106146416127227
SA,Females,2017,1346.3,44377.47706741657,32.96254703068898,0.8798684686948296
SA,Females,2018,1363.4,43827.686285245,32.14587522755244,0.8580690680543696
SA,Females,2019,1394.1,44937.81539456985,32.23428405033344,0.8604289626173417
SA,Females,2020,1450.3000000000002,45549.57300350895,31.407000622980725,0.838346306148964
SA,Females,2021,1503.8000000000002,48460.69541846054,32.2254923649824,0.8601942863734257
SA,Females,2022,1555.45,51083.07878953787,32.84135059920786,0.8766333752877791
SA,Females,2023,1615.3,52979.0,32.798241812666376,0.8754826734938239
SA,Females,2024,1699.2,53008.005748699696,31.195860257003115,0.8327103414791397
SA,Females,2025,1818.65,52864.29544832392,29.067877518117243,0.7759081498241884
SA,Males,2014,1428.25,45558.80210536794,31.898338599942544,1.0
SA,Males,2015,1413.4,45404.54426001045,32.12434148861642,1.0070850990551052
SA,Males,2016,1488.75,45160.632282308434,30.334597670736144,0.9509773550021438
SA,Males,2017,1497.25,44377.47706741657,29.639323471308444,0.9291807903550761
SA,Males,2018,1507.15,43827.686285245,29.079843602325578,0.9116413229865821
SA,Males,2019,1546.2,44937.81539456985,29.063391148990977,0.9111255452358678
SA,Males,2020,1581.7,45549.57300350895,28.797858635334734,0.9028012084424549
SA,Males,2021,1620.25,48460.69541846054,29.909393870366017,0.9376473880185061
SA,Males,2022,1683.6,51083.07878953787,30.341576852897287,0.9511961495371404
SA,Males,2023,1755.4,52979.0,30.180585621510765,0.9461491396158522
SA,Males,2024,1886.75,53008.005748699696,28.094875181502424,0.880762961791152
SA,Males,2025,1975.45,52864.29544832392,26.760634512806664,0.8389350570394555
SA,Persons,2014,1352.75,45558.80210536794,33.67865614885821,1.0
SA,Persons,2015,1362.1,45404.54426001045,33.334222347852915,0.9897729351348548
SA,Persons,2016,1430.45,45160.632282308434,31.570926828835983,0.9374164660636649
SA,Persons,2017,1444.55,44377.47706741657,30.720623770320564,0.9121689308069992
SA,Persons,2018,1455.4,43827.686285245,30.113842438673213,0.8941521391343921
SA,Persons,2019,1489.4499999999998,44937.81539456985,30.170744499358726,0.8958416976617278
SA,Persons,2020,1532.75,45549.57300350895,29.717548852395336,0.8823852329809435
SA,Persons,2021,1580.65,48460.69541846054,30.65871345235222,0.910330665120426
SA,Persons,2022,1640.45,51083.07878953787,31.139674351268166,0.9246115466612488
SA,Persons,2023,1706.6,52979.0,31.043595452947383,0.9217587339511418
SA,Persons,2024,1817.15,53008.005748699696,29.170957680268383,0.8661556313688411
SA,Persons,2025,1914.6,52864.29544832392,27.611143553914093,0.8198410124167077
TAS,Females,2014,1153.5500000000002,45558.80210536794,39.49443206221484,1.0
TAS,Females,2015,1195.0,45404.54426001045,37.9954345272054,0.9620453452109882
TAS,Females,2016,1228.1,45160.632282308434,36.77276466273792,0.9310873138980824
TAS,Females,2017,1249.8,44377.47706741657,35.50766287999406,0.8990549053613304
TAS,Females,2018,1294.05,43827.686285245,33.868618898222635,0.8575542710645904
TAS,Females,2019,1343.3,44937.81539456985,33.45329814231359,0.8470383392174177
TAS,Females,2020,1411.95,45549.57300350895,32.26004674635005,0.816825184257148
TAS,Females,2021,1443.75,48460.69541846054,33.565849640492154,0.8498881459446359
TAS,Females,2022,1507.9,51083.07878953787,33.876967165951235,0.8577656494106684
TAS,Females,2023,1588.95,52979.0,33.34214418326568,0.8442239182156721
TAS,Females,2024,1679.85,53008.005748699696,31.55520180295842,0.7989784927974176
TAS,Females,2025,1792.4499999999998,52864.29544832392,29.49275876499982,0.7467573838899728
TAS,Males,2014,1314.5500000000002,45558.80210536794,34.657336811355925,1.0
TAS,Males,2015,1362.45,45404.54426001045,33.3256591141036,0.9615758791709587
TAS,Males,2016,1400.7,45160.632282308434,32.24147375048792,0.9302928821675526
TAS,Males,2017,1409.9499999999998,44377.47706741657,31.474504108242545,0.9081628019937619
TAS,Males,2018,1440.1,43827.686285245,30.433779796712034,0.8781338266805316
TAS,Males,2019,1485.6,44937.81539456985,30.248933356603295,0.8728002824121166
TAS,Males,2020,1531.25,45549.57300350895,29.746659920658907,0.8583077252177099
TAS,Males,2021,1582.25,48460.69541846054,30.62771080326152,0.8837294962960326
TAS,Males,2022,1617.1,51083.07878953787,31.589313455901223,0.9114755016476216
TAS,Males,2023,1678.1999999999998,52979.0,31.56894291502801,0.9108877317048792
TAS,Males,2024,1770.65,53008.005748699696,29.937032021404395,0.8638007064522956
TAS,Males,2025,1815.15,52864.29544832392,29.123926644257455,0.8403394295061536
TAS,Persons,2014,1256.8,45558.80210536794,36.24984254087201,1.0
TAS,Persons,2015,1303.85,45404.54426001045,34.82344154619815,0.9606508361225132
TAS,Persons,2016,1339.9,45160.632282308434,33.704479649457745,0.9297827876481299
TAS,Persons,2017,1354.5,44377.47706741657,32.76299525095354,0.9038106914261208
TAS,Persons,2018,1389.4,43827.686285245,31.544325813477037,0.8701920781562165
TAS,Persons,2019,1435.2,44937.81539456985,31.31118686912615,0.863760631065432
TAS,Persons,2020,1488.1,45549.57300350895,30.60921510886967,0.8443958087364798
TAS,Persons,2021,1531.2,48460.69541846054,31.64883452093818,0.8730750895056675
TAS,Persons,2022,1577.45,51083.07878953787,32.38332675491323,0.8933370322478159
TAS,Persons,2023,1644.65,52979.0,32.2129328428541,0.8886364901180948
TAS,Persons,2024,1738.1999999999998,53008.005748699696,30.495918621965078,0.8412703748321297
TAS,Persons,2025,1807.1,52864.29544832392,29.25366357607433,0.8070011212625426
VIC,Females,2014,1254.3000000000002,45558.80210536794,36.32209368202817,1.0
VIC,Females,2015,1282.25,45404.54426001045,35.41005596413371,0.9748902768139237
VIC,Females,2016,1347.9,45160.632282308434,33.50443822413267,0.9224258523596714
VIC,Females,2017,1387.0,44377.47706741657,31.995297092585847,0.8808770048521961
VIC,Females,2018,1445.6999999999998,43827.686285245,30.31589284446635,0.8346405664238009
VIC,Females,2019,1522.25,44937.81539456985,29.52065389690908,0.8127464830452663
VIC,Females,2020,1596.75,45549.57300350895,28.526427432916204,0.7853739842929488
VIC,Females,2021,1604.8,48460.69541846054,30.197342608711704,0.8313767062291639
VIC,Females,2022,1614.55,51083.07878953787,31.639205220982856,0.8710732783732024
VIC,Females,2023,1708.5,52979.0,31.00907228563067,0.8537248033412146
VIC,Females,2024,1776.1,53008.005748699696,29.845169612465344,0.8216808720812384
VIC,Females,2025,1845.2,52864.29544832392,28.64962900949703,0.7887659026569991
VIC,Males,2014,1464.9,45558.80210536794,31.100281319795165,1.0
VIC,Males,2015,1487.4499999999998,45404.54426001045,30.52508942150019,0.9815052509531845
VIC,Males,2016,1551.95,45160.632282308434,29.09928301962591,0.9356598006431656
VIC,Males,2017,1587.9,44377.47706741657,27.947274430012325,0.8986180588734428
VIC,Males,2018,1617.1999999999998,43827.686285245,27.100968516723352,0.8714058962377851
VIC,Males,2019,1685.85,44937.81539456985,26.655880057282587,0.8570944996666722
VIC,Males,2020,1782.45,45549.57300350895,25.554474461280233,0.8216798490827459
VIC,Males,2021,1849.55,48460.69541846054,26.201343796307505,0.8424793180128081
VIC,Males,2022,1875.25,51083.07878953787,27.240676597540524,0.8758980768512206
VIC,Males,2023,1937.2,52979.0,27.348234565352055,0.879356501124157
VIC,Males,2024,1988.85,53008.005748699696,26.65259106956266,0.8569887453911366
VIC,Males,2025,2078.45,52864.29544832392,25.43448023687071,0.817821548793573
VIC,Persons,2014,1388.35,45558.80210536794,32.815069762932936,1.0
VIC,Persons,2015,1410.6999999999998,45404.54426001045,32.18582566102676,0.9808245386509294
VIC,Persons,2016,1477.3,45160.632282308434,30.5697097964587,0.9315753407597341
VIC,Persons,2017,1516.0,44377.47706741657,29.272742128902753,0.8920518024303729
VIC,Persons,2018,1557.05,43827.686285245,28.14789909459876,0.857773556416263
VIC,Persons,2019,1627.5,44937.81539456985,27.61156091832249,0.8414292920233801
VIC,Persons,2020,1713.75,45549.57300350895,26.578890155220396,0.8099598857243092
VIC,Persons,2021,1755.25,48460.69541846054,27.608998956536414,0.8413512193023839
VIC,Persons,2022,1772.3000000000002,51083.07878953787,28.823042819803568,0.8783477538835325
VIC,Persons,2023,1845.5,52979.0,28.707125440260093,0.8748153103939742
VIC,Persons,2024,1904.95,53008.005748699696,27.82645515562072,0.8479779368640189
VIC,Persons,2025,1986.65,52864.29544832392,26.609767925061746,0.8109008488264577
WA,Females,2014,1347.3,45558.80210536794,33.81489059999105,1.0
WA,Females,2015,1387.35,45404.54426001045,32.72753397485166,0.9678438520472492
WA,Females,2016,1406.45,45160.632282308434,32.10966069345404,0.9495716272837073
WA,Females,2017,1445.4,44377.47706741657,30.70255781611773,0.9079596967889009
WA,Females,2018,1467.2,43827.686285245,29.87165095777331,0.8833874789404527
WA,Females,2019,1502.9,44937.81539456985,29.900735507731618,0.884247589662157
WA,Females,2020,1541.6999999999998,45549.57300350895,29.545030163786052,0.8737283971515752
WA,Females,2021,1598.55,48460.69541846054,30.315407975015198,0.8965106033796608
WA,Females,2022,1658.0,51083.07878953787,30.81005958355722,0.9111388218882888
WA,Females,2023,1771.85,52979.0,29.900386601574628,0.884237271540442
WA,Females,2024,1840.0,53008.005748699696,28.808698776467224,0.8519530380049447
WA,Females,2025,1887.55,52864.29544832392,28.006831844626063,0.8282396112390047
WA,Males,2014,1807.65,45558.80210536794,25.203331455407817,1.0
WA,Males,2015,1859.55,45404.54426001045,24.41695262832968,0.9687986158310271
WA,Males,2016,1849.45,45160.632282308434,24.41841211295706,0.9688565242321432
WA,Males,2017,1868.4,44377.47706741657,23.751593377979322,0.9423989610263607
WA,Males,2018,1899.95,43827.686285245,23.067810355664623,0.915268300798981
WA,Males,2019,1925.6,44937.81539456985,23.3370458010853,0.9259508348083058
WA,Males,2020,1996.85,45549.57300350895,22.810713375320606,0.9050673882410957
WA,Males,2021,2037.35,48460.69541846054,23.78614151641129,0.9437697376831331
WA,Males,2022,2132.9,51083.07878953787,23.95005803813487,0.9502735017594655
WA,Males,2023,2258.95,52979.0,23.45293167179442,0.9305488726079577
WA,Males,2024,2293.85,53008.005748699696,23.108749808705756,0.9168926675265927
WA,Males,2025,2343.25,52864.29544832392,22.56024557700797,0.8951295036897701
WA,Persons,2014,1657.15,45558.80210536794,27.492262079695827,1.0
WA,Persons,2015,1699.95,45404.54426001045,26.70934101591838,0.9715221300630745
WA,Persons,2016,1700.9,45160.632282308434,26.551021390033764,0.9657634323820444
WA,Persons,2017,1728.75,44377.47706741657,25.670268730248196,0.9337270485722144
WA,Persons,2018,1748.6999999999998,43827.686285245,25.063010399293763,0.9116387122543776
WA,Persons,2019,1779.3,44937.81539456985,25.255895798667932,0.9186547009283916
WA,Persons,2020,1840.65,45549.57300350895,24.746460763050525,0.9001245765559179
WA,Persons,2021,1887.75,48460.69541846054,25.67114046799658,0.9337587570487981
WA,Persons,2022,1962.9,51083.07878953787,26.0242899737826,0.946604171688099
WA,Persons,2023,2073.5,52979.0,25.55051844707017,0.929371267195226
WA,Persons,2024,2125.55,53008.005748699696,24.938489213944482,0.9071093946962839
WA,Persons,2025,2173.95,52864.29544832392,24.31716251446626,0.8845093373537092
