DATAFLOW,MEASURE,ESTIMATE_TYPE,SEX,SECTOR,INDUSTRY,TSEST,REGION,FREQ,TIME_PERIOD,OBS_VALUE,UNIT_MEASURE,OBS_STATUS,OBS_COMMENT
ABS:AWE(1.0.0),3,1,3,7,TOT,10,4,S,2012-S1,1230.2,AUD,,
ABS:AWE(1.0.0),3,1,3,7,TOT,10,4,S,2012-S2,1276.0,AUD,,
ABS:AWE(1.0.0),3,1,3,7,TOT,10,4,S,2013-S1,1282.3,AUD,,
ABS:AWE(1.0.0),3,1,3,7,TOT,10,4,S,2013-S2,1318.8,AUD,,
ABS:AWE(1.0.0),3,1,3,7,TOT,10,4,S,2014-S1,1359.1,AUD,,
ABS:AWE(1.0.0),3,1,3,7,TOT,10,4,S,2014-S2,1346.4,AUD,,
ABS:AWE(1.0.0),3,1,3,7,TOT,10,4,S,2015-S1,1348.2,AUD,,
ABS:AWE(1.0.0),3,1,3,7,TOT,10,4,S,2015-S2,1376.0,AUD,,
ABS:AWE(1.0.0),3,1,3,7,TOT,10,4,S,2016-S1,1414.9,AUD,,
ABS:AWE(1.0.0),3,1,3,7,TOT,10,4,S,2016-S2,1446.0,AUD,,
ABS:AWE(1.0.0),3,1,3,7,TOT,10,4,S,2017-S1,1447.6,AUD,,
ABS:AWE(1.0.0),3,1,3,7,TOT,10,4,S,2017-S2,1441.5,AUD,,
ABS:AWE(1.0.0),3,1,3,7,TOT,10,4,S,2018-S1,1448.6,AUD,,
ABS:AWE(1.0.0),3,1,3,7,TOT,10,4,S,2018-S2,1462.2,AUD,,
ABS:AWE(1.0.0),3,1,3,7,TOT,10,4,S,2019-S1,1475.1,AUD,,
ABS:AWE(1.0.0),3,1,3,7,TOT,10,4,S,2019-S2,1503.8,AUD,,
ABS:AWE(1.0.0),3,1,3,7,TOT,10,4,S,2020-S1,1522.9,AUD,,
ABS:AWE(1.0.0),3,1,3,7,TOT,10,4,S,2020-S2,1542.6,AUD,,
ABS:AWE(1.0.0),3,1,3,7,TOT,10,4,S,2021-S1,1569.9,AUD,,
ABS:AWE(1.0.0),3,1,3,7,TOT,10,4,S,2021-S2,1591.4,AUD,,
ABS:AWE(1.0.0),3,1,3,7,TOT,10,4,S,2022-S1,1622.9,AUD,,
ABS:AWE(1.0.0),3,1,3,7,TOT,10,4,S,2022-S2,1658.0,AUD,,
ABS:AWE(1.0.0),3,1,3,7,TOT,10,4,S,2023-S1,1677.8,AUD,,
ABS:AWE(1.0.0),3,1,3,7,TOT,10,4,S,2023-S2,1735.4,AUD,,
ABS:AWE(1.0.0),3,1,3,7,TOT,10,4,S,2024-S1,1776.9,AUD,,
ABS:AWE(1.0.0),3,1,3,7,TOT,10,4,S,2024-S2,1857.4,AUD,,
ABS:AWE(1.0.0),3,1,3,7,TOT,10,4,S,2025-S1,1894.1,AUD,,
ABS:AWE(1.0.0),3,1,3,7,TOT,10,4,S,2025-S2,1935.1,AUD,,
ABS:AWE(1.0.0),3,1,3,7,TOT,10,4,S,2026-S1,1970.2,AUD,,
ABS:AWE(1.0.0),3,1,3,7,TOT,10,6,S,2012-S1,1196.9,AUD,,
ABS:AWE(1.0.0),3,1,3,7,TOT,10,6,S,2012-S2,1226.6,AUD,,
ABS:AWE(1.0.0),3,1,3,7,TOT,10,6,S,2013-S1,1265.7,AUD,,
ABS:AWE(1.0.0),3,1,3,7,TOT,10,6,S,2013-S2,1268.8,AUD,,
ABS:AWE(1.0.0),3,1,3,7,TOT,10,6,S,2014-S1,1246.8,AUD,,
ABS:AWE(1.0.0),3,1,3,7,TOT,10,6,S,2014-S2,1266.8,AUD,,
ABS:AWE(1.0.0),3,1,3,7,TOT,10,6,S,2015-S1,1289.0,AUD,,
ABS:AWE(1.0.0),3,1,3,7,TOT,10,6,S,2015-S2,1318.7,AUD,,
ABS:AWE(1.0.0),3,1,3,7,TOT,10,6,S,2016-S1,1334.7,AUD,,
ABS:AWE(1.0.0),3,1,3,7,TOT,10,6,S,2016-S2,1345.1,AUD,,
ABS:AWE(1.0.0),3,1,3,7,TOT,10,6,S,2017-S1,1352.8,AUD,,
ABS:AWE(1.0.0),3,1,3,7,TOT,10,6,S,2017-S2,1356.2,AUD,,
ABS:AWE(1.0.0),3,1,3,7,TOT,10,6,S,2018-S1,1379.3,AUD,,
ABS:AWE(1.0.0),3,1,3,7,TOT,10,6,S,2018-S2,1399.5,AUD,,
ABS:AWE(1.0.0),3,1,3,7,TOT,10,6,S,2019-S1,1420.5,AUD,,
ABS:AWE(1.0.0),3,1,3,7,TOT,10,6,S,2019-S2,1449.9,AUD,,
ABS:AWE(1.0.0),3,1,3,7,TOT,10,6,S,2020-S1,1488.1,AUD,,
ABS:AWE(1.0.0),3,1,3,7,TOT,10,6,S,2020-S2,1488.1,AUD,,
ABS:AWE(1.0.0),3,1,3,7,TOT,10,6,S,2021-S1,1520.7,AUD,,
ABS:AWE(1.0.0),3,1,3,7,TOT,10,6,S,2021-S2,1541.7,AUD,,
ABS:AWE(1.0.0),3,1,3,7,TOT,10,6,S,2022-S1,1568.5,AUD,,
ABS:AWE(1.0.0),3,1,3,7,TOT,10,6,S,2022-S2,1586.4,AUD,,
ABS:AWE(1.0.0),3,1,3,7,TOT,10,6,S,2023-S1,1619.3,AUD,,
ABS:AWE(1.0.0),3,1,3,7,TOT,10,6,S,2023-S2,1670.0,AUD,,
ABS:AWE(1.0.0),3,1,3,7,TOT,10,6,S,2024-S1,1710.8,AUD,,
ABS:AWE(1.0.0),3,1,3,7,TOT,10,6,S,2024-S2,1765.6,AUD,,
ABS:AWE(1.0.0),3,1,3,7,TOT,10,6,S,2025-S1,1793.0,AUD,,
ABS:AWE(1.0.0),3,1,3,7,TOT,10,6,S,2025-S2,1821.2,AUD,,
ABS:AWE(1.0.0),3,1,3,7,TOT,10,6,S,2026-S1,1846.3,AUD,,
ABS:AWE(1.0.0),3,1,1,7,TOT,10,5,S,2012-S1,1659.8,AUD,,
ABS:AWE(1.0.0),3,1,1,7,TOT,10,5,S,2012-S2,1746.7,AUD,,
ABS:AWE(1.0.0),3,1,1,7,TOT,10,5,S,2013-S1,1804.7,AUD,,
ABS:AWE(1.0.0),3,1,1,7,TOT,10,5,S,2013-S2,1754.1,AUD,,
ABS:AWE(1.0.0),3,1,1,7,TOT,10,5,S,2014-S1,1788.9,AUD,,
ABS:AWE(1.0.0),3,1,1,7,TOT,10,5,S,2014-S2,1826.4,AUD,,
ABS:AWE(1.0.0),3,1,1,7,TOT,10,5,S,2015-S1,1857.2,AUD,,
ABS:AWE(1.0.0),3,1,1,7,TOT,10,5,S,2015-S2,1861.9,AUD,,
ABS:AWE(1.0.0),3,1,1,7,TOT,10,5,S,2016-S1,1843.5,AUD,,
ABS:AWE(1.0.0),3,1,1,7,TOT,10,5,S,2016-S2,1855.4,AUD,,
ABS:AWE(1.0.0),3,1,1,7,TOT,10,5,S,2017-S1,1853.8,AUD,,
ABS:AWE(1.0.0),3,1,1,7,TOT,10,5,S,2017-S2,1883.0,AUD,,
ABS:AWE(1.0.0),3,1,1,7,TOT,10,5,S,2018-S1,1884.0,AUD,,
ABS:AWE(1.0.0),3,1,1,7,TOT,10,5,S,2018-S2,1915.9,AUD,,
ABS:AWE(1.0.0),3,1,1,7,TOT,10,5,S,2019-S1,1923.1,AUD,,
ABS:AWE(1.0.0),3,1,1,7,TOT,10,5,S,2019-S2,1928.1,AUD,,
ABS:AWE(1.0.0),3,1,1,7,TOT,10,5,S,2020-S1,1998.1,AUD,,
ABS:AWE(1.0.0),3,1,1,7,TOT,10,5,S,2020-S2,1995.6,AUD,,
ABS:AWE(1.0.0),3,1,1,7,TOT,10,5,S,2021-S1,2028.8,AUD,,
ABS:AWE(1.0.0),3,1,1,7,TOT,10,5,S,2021-S2,2045.9,AUD,,
ABS:AWE(1.0.0),3,1,1,7,TOT,10,5,S,2022-S1,2103.0,AUD,,
ABS:AWE(1.0.0),3,1,1,7,TOT,10,5,S,2022-S2,2162.8,AUD,,
ABS:AWE(1.0.0),3,1,1,7,TOT,10,5,S,2023-S1,2216.3,AUD,,
ABS:AWE(1.0.0),3,1,1,7,TOT,10,5,S,2023-S2,2301.6,AUD,,
ABS:AWE(1.0.0),3,1,1,7,TOT,10,5,S,2024-S1,2257.6,AUD,,
ABS:AWE(1.0.0),3,1,1,7,TOT,10,5,S,2024-S2,2330.1,AUD,,
ABS:AWE(1.0.0),3,1,1,7,TOT,10,5,S,2025-S1,2326.8,AUD,,
ABS:AWE(1.0.0),3,1,1,7,TOT,10,5,S,2025-S2,2359.7,AUD,,
ABS:AWE(1.0.0),3,1,1,7,TOT,10,5,S,2026-S1,2378.7,AUD,,
ABS:AWE(1.0.0),3,1,1,7,TOT,10,7,S,2012-S1,1543.4,AUD,,
ABS:AWE(1.0.0),3,1,1,7,TOT,10,7,S,2012-S2,1549.8,AUD,,
ABS:AWE(1.0.0),3,1,1,7,TOT,10,7,S,2013-S1,1587.2,AUD,,
ABS:AWE(1.0.0),3,1,1,7,TOT,10,7,S,2013-S2,1592.1,AUD,,
ABS:AWE(1.0.0),3,1,1,7,TOT,10,7,S,2014-S1,1548.1,AUD,,
ABS:AWE(1.0.0),3,1,1,7,TOT,10,7,S,2014-S2,1578.4,AUD,,
ABS:AWE(1.0.0),3,1,1,7,TOT,10,7,S,2015-S1,1643.5,AUD,,
ABS:AWE(1.0.0),3,1,1,7,TOT,10,7,S,2015-S2,1696.8,AUD,,
ABS:AWE(1.0.0),3,1,1,7,TOT,10,7,S,2016-S1,1717.9,AUD,,
ABS:AWE(1.0.0),3,1,1,7,TOT,10,7,S,2016-S2,1806.8,AUD,,
ABS:AWE(1.0.0),3,1,1,7,TOT,10,7,S,2017-S1,1783.6,AUD,,
ABS:AWE(1.0.0),3,1,1,7,TOT,10,7,S,2017-S2,1802.1,AUD,,
ABS:AWE(1.0.0),3,1,1,7,TOT,10,7,S,2018-S1,1846.7,AUD,,
ABS:AWE(1.0.0),3,1,1,7,TOT,10,7,S,2018-S2,1762.9,AUD,,
ABS:AWE(1.0.0),3,1,1,7,TOT,10,7,S,2019-S1,1808.7,AUD,,
ABS:AWE(1.0.0),3,1,1,7,TOT,10,7,S,2019-S2,1787.8,AUD,,
ABS:AWE(1.0.0),3,1,1,7,TOT,10,7,S,2020-S1,1806.8,AUD,,
ABS:AWE(1.0.0),3,1,1,7,TOT,10,7,S,2020-S2,1822.2,AUD,,
ABS:AWE(1.0.0),3,1,1,7,TOT,10,7,S,2021-S1,1796.6,AUD,,
ABS:AWE(1.0.0),3,1,1,7,TOT,10,7,S,2021-S2,1795.0,AUD,,
ABS:AWE(1.0.0),3,1,1,7,TOT,10,7,S,2022-S1,1812.4,AUD,,
ABS:AWE(1.0.0),3,1,1,7,TOT,10,7,S,2022-S2,1868.2,AUD,,
ABS:AWE(1.0.0),3,1,1,7,TOT,10,7,S,2023-S1,1912.1,AUD,,
ABS:AWE(1.0.0),3,1,1,7,TOT,10,7,S,2023-S2,1974.9,AUD,,
ABS:AWE(1.0.0),3,1,1,7,TOT,10,7,S,2024-S1,1976.3,AUD,,
ABS:AWE(1.0.0),3,1,1,7,TOT,10,7,S,2024-S2,2000.0,AUD,,
ABS:AWE(1.0.0),3,1,1,7,TOT,10,7,S,2025-S1,2052.2,AUD,,
ABS:AWE(1.0.0),3,1,1,7,TOT,10,7,S,2025-S2,2037.1,AUD,,
ABS:AWE(1.0.0),3,1,1,7,TOT,10,7,S,2026-S1,2095.3,AUD,,
ABS:AWE(1.0.0),3,1,3,7,TOT,10,AUS,S,2012-S1,1349.2,AUD,,
ABS:AWE(1.0.0),3,1,3,7,TOT,10,AUS,S,2012-S2,1396.0,AUD,,
ABS:AWE(1.0.0),3,1,3,7,TOT,10,AUS,S,2013-S1,1420.9,AUD,,
ABS:AWE(1.0.0),3,1,3,7,TOT,10,AUS,S,2013-S2,1437.0,AUD,,
ABS:AWE(1.0.0),3,1,3,7,TOT,10,AUS,S,2014-S1,1454.1,AUD,,
ABS:AWE(1.0.0),3,1,3,7,TOT,10,AUS,S,2014-S2,1477.0,AUD,,
ABS:AWE(1.0.0),3,1,3,7,TOT,10,AUS,S,2015-S1,1483.1,AUD,,
ABS:AWE(1.0.0),3,1,3,7,TOT,10,AUS,S,2015-S2,1500.5,AUD,,
ABS:AWE(1.0.0),3,1,3,7,TOT,10,AUS,S,2016-S1,1516.0,AUD,,
ABS:AWE(1.0.0),3,1,3,7,TOT,10,AUS,S,2016-S2,1533.4,AUD,,
ABS:AWE(1.0.0),3,1,3,7,TOT,10,AUS,S,2017-S1,1543.2,AUD,,
ABS:AWE(1.0.0),3,1,3,7,TOT,10,AUS,S,2017-S2,1569.6,AUD,,
ABS:AWE(1.0.0),3,1,3,7,TOT,10,AUS,S,2018-S1,1585.3,AUD,,
ABS:AWE(1.0.0),3,1,3,7,TOT,10,AUS,S,2018-S2,1605.5,AUD,,
ABS:AWE(1.0.0),3,1,3,7,TOT,10,AUS,S,2019-S1,1634.8,AUD,,
ABS:AWE(1.0.0),3,1,3,7,TOT,10,AUS,S,2019-S2,1658.4,AUD,,
ABS:AWE(1.0.0),3,1,3,7,TOT,10,AUS,S,2020-S1,1713.9,AUD,,
ABS:AWE(1.0.0),3,1,3,7,TOT,10,AUS,S,2020-S2,1711.6,AUD,,
ABS:AWE(1.0.0),3,1,3,7,TOT,10,AUS,S,2021-S1,1737.1,AUD,,
ABS:AWE(1.0.0),3,1,3,7,TOT,10,AUS,S,2021-S2,1748.4,AUD,,
ABS:AWE(1.0.0),3,1,3,7,TOT,10,AUS,S,2022-S1,1769.8,AUD,,
ABS:AWE(1.0.0),3,1,3,7,TOT,10,AUS,S,2022-S2,1807.7,AUD,,
ABS:AWE(1.0.0),3,1,3,7,TOT,10,AUS,S,2023-S1,1838.1,AUD,,
ABS:AWE(1.0.0),3,1,3,7,TOT,10,AUS,S,2023-S2,1888.8,AUD,,
ABS:AWE(1.0.0),3,1,3,7,TOT,10,AUS,S,2024-S1,1923.4,AUD,,
ABS:AWE(1.0.0),3,1,3,7,TOT,10,AUS,S,2024-S2,1975.8,AUD,,
ABS:AWE(1.0.0),3,1,3,7,TOT,10,AUS,S,2025-S1,2010.0,AUD,,
ABS:AWE(1.0.0),3,1,3,7,TOT,10,AUS,S,2025-S2,2051.1,AUD,,
ABS:AWE(1.0.0),3,1,3,7,TOT,10,AUS,S,2026-S1,2083.7,AUD,,
ABS:AWE(1.0.0),3,1,1,7,TOT,10,1,S,2012-S1,1442.0,AUD,,
ABS:AWE(1.0.0),3,1,1,7,TOT,10,1,S,2012-S2,1486.5,AUD,,
ABS:AWE(1.0.0),3,1,1,7,TOT,10,1,S,2013-S1,1486.2,AUD,,
ABS:AWE(1.0.0),3,1,1,7,TOT,10,1,S,2013-S2,1499.3,AUD,,
ABS:AWE(1.0.0),3,1,1,7,TOT,10,1,S,2014-S1,1558.3,AUD,,
ABS:AWE(1.0.0),3,1,1,7,TOT,10,1,S,2014-S2,1611.9,AUD,,
ABS:AWE(1.0.0),3,1,1,7,TOT,10,1,S,2015-S1,1635.9,AUD,,
ABS:AWE(1.0.0),3,1,1,7,TOT,10,1,S,2015-S2,1639.3,AUD,,
ABS:AWE(1.0.0),3,1,1,7,TOT,10,1,S,2016-S1,1652.7,AUD,,
ABS:AWE(1.0.0),3,1,1,7,TOT,10,1,S,2016-S2,1634.0,AUD,,
ABS:AWE(1.0.0),3,1,1,7,TOT,10,1,S,2017-S1,1642.1,AUD,,
ABS:AWE(1.0.0),3,1,1,7,TOT,10,1,S,2017-S2,1682.2,AUD,,
ABS:AWE(1.0.0),3,1,1,7,TOT,10,1,S,2018-S1,1698.7,AUD,,
ABS:AWE(1.0.0),3,1,1,7,TOT,10,1,S,2018-S2,1717.3,AUD,,
ABS:AWE(1.0.0),3,1,1,7,TOT,10,1,S,2019-S1,1768.4,AUD,,
ABS:AWE(1.0.0),3,1,1,7,TOT,10,1,S,2019-S2,1778.8,AUD,,
ABS:AWE(1.0.0),3,1,1,7,TOT,10,1,S,2020-S1,1864.5,AUD,,
ABS:AWE(1.0.0),3,1,1,7,TOT,10,1,S,2020-S2,1848.2,AUD,,
ABS:AWE(1.0.0),3,1,1,7,TOT,10,1,S,2021-S1,1871.8,AUD,,
ABS:AWE(1.0.0),3,1,1,7,TOT,10,1,S,2021-S2,1848.1,AUD,,
ABS:AWE(1.0.0),3,1,1,7,TOT,10,1,S,2022-S1,1885.2,AUD,,
ABS:AWE(1.0.0),3,1,1,7,TOT,10,1,S,2022-S2,1894.3,AUD,,
ABS:AWE(1.0.0),3,1,1,7,TOT,10,1,S,2023-S1,1924.8,AUD,,
ABS:AWE(1.0.0),3,1,1,7,TOT,10,1,S,2023-S2,1977.5,AUD,,
ABS:AWE(1.0.0),3,1,1,7,TOT,10,1,S,2024-S1,2013.0,AUD,,
ABS:AWE(1.0.0),3,1,1,7,TOT,10,1,S,2024-S2,2080.4,AUD,,
ABS:AWE(1.0.0),3,1,1,7,TOT,10,1,S,2025-S1,2158.7,AUD,,
ABS:AWE(1.0.0),3,1,1,7,TOT,10,1,S,2025-S2,2184.2,AUD,,
ABS:AWE(1.0.0),3,1,1,7,TOT,10,1,S,2026-S1,2204.5,AUD,,
ABS:AWE(1.0.0),3,1,3,7,TOT,10,1,S,2012-S1,1355.2,AUD,,
ABS:AWE(1.0.0),3,1,3,7,TOT,10,1,S,2012-S2,1398.9,AUD,,
ABS:AWE(1.0.0),3,1,3,7,TOT,10,1,S,2013-S1,1407.8,AUD,,
ABS:AWE(1.0.0),3,1,3,7,TOT,10,1,S,2013-S2,1421.1,AUD,,
ABS:AWE(1.0.0),3,1,3,7,TOT,10,1,S,2014-S1,1459.0,AUD,,
ABS:AWE(1.0.0),3,1,3,7,TOT,10,1,S,2014-S2,1492.3,AUD,,
ABS:AWE(1.0.0),3,1,3,7,TOT,10,1,S,2015-S1,1512.1,AUD,,
ABS:AWE(1.0.0),3,1,3,7,TOT,10,1,S,2015-S2,1527.3,AUD,,
ABS:AWE(1.0.0),3,1,3,7,TOT,10,1,S,2016-S1,1541.0,AUD,,
ABS:AWE(1.0.0),3,1,3,7,TOT,10,1,S,2016-S2,1535.8,AUD,,
ABS:AWE(1.0.0),3,1,3,7,TOT,10,1,S,2017-S1,1545.8,AUD,,
ABS:AWE(1.0.0),3,1,3,7,TOT,10,1,S,2017-S2,1585.9,AUD,,
ABS:AWE(1.0.0),3,1,3,7,TOT,10,1,S,2018-S1,1606.1,AUD,,
ABS:AWE(1.0.0),3,1,3,7,TOT,10,1,S,2018-S2,1622.1,AUD,,
ABS:AWE(1.0.0),3,1,3,7,TOT,10,1,S,2019-S1,1664.1,AUD,,
ABS:AWE(1.0.0),3,1,3,7,TOT,10,1,S,2019-S2,1680.2,AUD,,
ABS:AWE(1.0.0),3,1,3,7,TOT,10,1,S,2020-S1,1748.9,AUD,,
ABS:AWE(1.0.0),3,1,3,7,TOT,10,1,S,2020-S2,1751.9,AUD,,
ABS:AWE(1.0.0),3,1,3,7,TOT,10,1,S,2021-S1,1764.3,AUD,,
ABS:AWE(1.0.0),3,1,3,7,TOT,10,1,S,2021-S2,1761.1,AUD,,
ABS:AWE(1.0.0),3,1,3,7,TOT,10,1,S,2022-S1,1790.0,AUD,,
ABS:AWE(1.0.0),3,1,3,7,TOT,10,1,S,2022-S2,1810.2,AUD,,
ABS:AWE(1.0.0),3,1,3,7,TOT,10,1,S,2023-S1,1831.9,AUD,,
ABS:AWE(1.0.0),3,1,3,7,TOT,10,1,S,2023-S2,1891.4,AUD,,
ABS:AWE(1.0.0),3,1,3,7,TOT,10,1,S,2024-S1,1935.7,AUD,,
ABS:AWE(1.0.0),3,1,3,7,TOT,10,1,S,2024-S2,1985.6,AUD,,
ABS:AWE(1.0.0),3,1,3,7,TOT,10,1,S,2025-S1,2052.0,AUD,,
ABS:AWE(1.0.0),3,1,3,7,TOT,10,1,S,2025-S2,2084.0,AUD,,
ABS:AWE(1.0.0),3,1,3,7,TOT,10,1,S,2026-S1,2108.8,AUD,,
ABS:AWE(1.0.0),3,1,2,7,TOT,10,5,S,2012-S1,1241.9,AUD,,
ABS:AWE(1.0.0),3,1,2,7,TOT,10,5,S,2012-S2,1277.6,AUD,,
ABS:AWE(1.0.0),3,1,2,7,TOT,10,5,S,2013-S1,1325.5,AUD,,
ABS:AWE(1.0.0),3,1,2,7,TOT,10,5,S,2013-S2,1338.2,AUD,,
ABS:AWE(1.0.0),3,1,2,7,TOT,10,5,S,2014-S1,1336.3,AUD,,
ABS:AWE(1.0.0),3,1,2,7,TOT,10,5,S,2014-S2,1358.3,AUD,,
ABS:AWE(1.0.0),3,1,2,7,TOT,10,5,S,2015-S1,1373.2,AUD,,
ABS:AWE(1.0.0),3,1,2,7,TOT,10,5,S,2015-S2,1401.5,AUD,,
ABS:AWE(1.0.0),3,1,2,7,TOT,10,5,S,2016-S1,1401.2,AUD,,
ABS:AWE(1.0.0),3,1,2,7,TOT,10,5,S,2016-S2,1411.7,AUD,,
ABS:AWE(1.0.0),3,1,2,7,TOT,10,5,S,2017-S1,1432.3,AUD,,
ABS:AWE(1.0.0),3,1,2,7,TOT,10,5,S,2017-S2,1458.5,AUD,,
ABS:AWE(1.0.0),3,1,2,7,TOT,10,5,S,2018-S1,1462.2,AUD,,
ABS:AWE(1.0.0),3,1,2,7,TOT,10,5,S,2018-S2,1472.2,AUD,,
ABS:AWE(1.0.0),3,1,2,7,TOT,10,5,S,2019-S1,1508.7,AUD,,
ABS:AWE(1.0.0),3,1,2,7,TOT,10,5,S,2019-S2,1497.1,AUD,,
ABS:AWE(1.0.0),3,1,2,7,TOT,10,5,S,2020-S1,1544.1,AUD,,
ABS:AWE(1.0.0),3,1,2,7,TOT,10,5,S,2020-S2,1539.3,AUD,,
ABS:AWE(1.0.0),3,1,2,7,TOT,10,5,S,2021-S1,1585.5,AUD,,
ABS:AWE(1.0.0),3,1,2,7,TOT,10,5,S,2021-S2,1611.6,AUD,,
ABS:AWE(1.0.0),3,1,2,7,TOT,10,5,S,2022-S1,1631.3,AUD,,
ABS:AWE(1.0.0),3,1,2,7,TOT,10,5,S,2022-S2,1684.7,AUD,,
ABS:AWE(1.0.0),3,1,2,7,TOT,10,5,S,2023-S1,1741.7,AUD,,
ABS:AWE(1.0.0),3,1,2,7,TOT,10,5,S,2023-S2,1802.0,AUD,,
ABS:AWE(1.0.0),3,1,2,7,TOT,10,5,S,2024-S1,1819.7,AUD,,
ABS:AWE(1.0.0),3,1,2,7,TOT,10,5,S,2024-S2,1860.3,AUD,,
ABS:AWE(1.0.0),3,1,2,7,TOT,10,5,S,2025-S1,1869.8,AUD,,
ABS:AWE(1.0.0),3,1,2,7,TOT,10,5,S,2025-S2,1905.3,AUD,,
ABS:AWE(1.0.0),3,1,2,7,TOT,10,5,S,2026-S1,1945.1,AUD,,
ABS:AWE(1.0.0),3,1,3,7,TOT,10,3,S,2012-S1,1322.4,AUD,,
ABS:AWE(1.0.0),3,1,3,7,TOT,10,3,S,2012-S2,1370.1,AUD,,
ABS:AWE(1.0.0),3,1,3,7,TOT,10,3,S,2013-S1,1423.6,AUD,,
ABS:AWE(1.0.0),3,1,3,7,TOT,10,3,S,2013-S2,1422.0,AUD,,
ABS:AWE(1.0.0),3,1,3,7,TOT,10,3,S,2014-S1,1438.8,AUD,,
ABS:AWE(1.0.0),3,1,3,7,TOT,10,3,S,2014-S2,1456.9,AUD,,
ABS:AWE(1.0.0),3,1,3,7,TOT,10,3,S,2015-S1,1440.9,AUD,,
ABS:AWE(1.0.0),3,1,3,7,TOT,10,3,S,2015-S2,1446.7,AUD,,
ABS:AWE(1.0.0),3,1,3,7,TOT,10,3,S,2016-S1,1460.3,AUD,,
ABS:AWE(1.0.0),3,1,3,7,TOT,10,3,S,2016-S2,1482.1,AUD,,
ABS:AWE(1.0.0),3,1,3,7,TOT,10,3,S,2017-S1,1496.1,AUD,,
ABS:AWE(1.0.0),3,1,3,7,TOT,10,3,S,2017-S2,1527.8,AUD,,
ABS:AWE(1.0.0),3,1,3,7,TOT,10,3,S,2018-S1,1541.9,AUD,,
ABS:AWE(1.0.0),3,1,3,7,TOT,10,3,S,2018-S2,1574.0,AUD,,
ABS:AWE(1.0.0),3,1,3,7,TOT,10,3,S,2019-S1,1577.2,AUD,,
ABS:AWE(1.0.0),3,1,3,7,TOT,10,3,S,2019-S2,1609.3,AUD,,
ABS:AWE(1.0.0),3,1,3,7,TOT,10,3,S,2020-S1,1645.4,AUD,,
ABS:AWE(1.0.0),3,1,3,7,TOT,10,3,S,2020-S2,1615.4,AUD,,
ABS:AWE(1.0.0),3,1,3,7,TOT,10,3,S,2021-S1,1646.7,AUD,,
ABS:AWE(1.0.0),3,1,3,7,TOT,10,3,S,2021-S2,1671.4,AUD,,
ABS:AWE(1.0.0),3,1,3,7,TOT,10,3,S,2022-S1,1705.1,AUD,,
ABS:AWE(1.0.0),3,1,3,7,TOT,10,3,S,2022-S2,1760.7,AUD,,
ABS:AWE(1.0.0),3,1,3,7,TOT,10,3,S,2023-S1,1791.0,AUD,,
ABS:AWE(1.0.0),3,1,3,7,TOT,10,3,S,2023-S2,1844.7,AUD,,
ABS:AWE(1.0.0),3,1,3,7,TOT,10,3,S,2024-S1,1901.0,AUD,,
ABS:AWE(1.0.0),3,1,3,7,TOT,10,3,S,2024-S2,1953.7,AUD,,
ABS:AWE(1.0.0),3,1,3,7,TOT,10,3,S,2025-S1,1953.7,AUD,,
ABS:AWE(1.0.0),3,1,3,7,TOT,10,3,S,2025-S2,1994.5,AUD,,
ABS:AWE(1.0.0),3,1,3,7,TOT,10,3,S,2026-S1,2039.7,AUD,,
ABS:AWE(1.0.0),3,1,1,7,TOT,10,4,S,2012-S1,1302.2,AUD,,
ABS:AWE(1.0.0),3,1,1,7,TOT,10,4,S,2012-S2,1341.1,AUD,,
ABS:AWE(1.0.0),3,1,1,7,TOT,10,4,S,2013-S1,1356.4,AUD,,
ABS:AWE(1.0.0),3,1,1,7,TOT,10,4,S,2013-S2,1399.6,AUD,,
ABS:AWE(1.0.0),3,1,1,7,TOT,10,4,S,2014-S1,1444.3,AUD,,
ABS:AWE(1.0.0),3,1,1,7,TOT,10,4,S,2014-S2,1412.2,AUD,,
ABS:AWE(1.0.0),3,1,1,7,TOT,10,4,S,2015-S1,1401.8,AUD,,
ABS:AWE(1.0.0),3,1,1,7,TOT,10,4,S,2015-S2,1425.0,AUD,,
ABS:AWE(1.0.0),3,1,1,7,TOT,10,4,S,2016-S1,1473.0,AUD,,
ABS:AWE(1.0.0),3,1,1,7,TOT,10,4,S,2016-S2,1504.5,AUD,,
ABS:AWE(1.0.0),3,1,1,7,TOT,10,4,S,2017-S1,1499.7,AUD,,
ABS:AWE(1.0.0),3,1,1,7,TOT,10,4,S,2017-S2,1494.8,AUD,,
ABS:AWE(1.0.0),3,1,1,7,TOT,10,4,S,2018-S1,1499.6,AUD,,
ABS:AWE(1.0.0),3,1,1,7,TOT,10,4,S,2018-S2,1514.7,AUD,,
ABS:AWE(1.0.0),3,1,1,7,TOT,10,4,S,2019-S1,1528.0,AUD,,
ABS:AWE(1.0.0),3,1,1,7,TOT,10,4,S,2019-S2,1564.4,AUD,,
ABS:AWE(1.0.0),3,1,1,7,TOT,10,4,S,2020-S1,1574.4,AUD,,
ABS:AWE(1.0.0),3,1,1,7,TOT,10,4,S,2020-S2,1589.0,AUD,,
ABS:AWE(1.0.0),3,1,1,7,TOT,10,4,S,2021-S1,1607.1,AUD,,
ABS:AWE(1.0.0),3,1,1,7,TOT,10,4,S,2021-S2,1633.4,AUD,,
ABS:AWE(1.0.0),3,1,1,7,TOT,10,4,S,2022-S1,1662.9,AUD,,
ABS:AWE(1.0.0),3,1,1,7,TOT,10,4,S,2022-S2,1704.3,AUD,,
ABS:AWE(1.0.0),3,1,1,7,TOT,10,4,S,2023-S1,1717.0,AUD,,
ABS:AWE(1.0.0),3,1,1,7,TOT,10,4,S,2023-S2,1793.8,AUD,,
ABS:AWE(1.0.0),3,1,1,7,TOT,10,4,S,2024-S1,1843.2,AUD,,
ABS:AWE(1.0.0),3,1,1,7,TOT,10,4,S,2024-S2,1930.3,AUD,,
ABS:AWE(1.0.0),3,1,1,7,TOT,10,4,S,2025-S1,1959.7,AUD,,
ABS:AWE(1.0.0),3,1,1,7,TOT,10,4,S,2025-S2,1991.2,AUD,,
ABS:AWE(1.0.0),3,1,1,7,TOT,10,4,S,2026-S1,2043.2,AUD,,
ABS:AWE(1.0.0),3,1,3,7,TOT,10,2,S,2012-S1,1297.6,AUD,,
ABS:AWE(1.0.0),3,1,3,7,TOT,10,2,S,2012-S2,1331.0,AUD,,
ABS:AWE(1.0.0),3,1,3,7,TOT,10,2,S,2013-S1,1338.5,AUD,,
ABS:AWE(1.0.0),3,1,3,7,TOT,10,2,S,2013-S2,1389.1,AUD,,
ABS:AWE(1.0.0),3,1,3,7,TOT,10,2,S,2014-S1,1380.1,AUD,,
ABS:AWE(1.0.0),3,1,3,7,TOT,10,2,S,2014-S2,1396.6,AUD,,
ABS:AWE(1.0.0),3,1,3,7,TOT,10,2,S,2015-S1,1396.6,AUD,,
ABS:AWE(1.0.0),3,1,3,7,TOT,10,2,S,2015-S2,1424.8,AUD,,
ABS:AWE(1.0.0),3,1,3,7,TOT,10,2,S,2016-S1,1454.5,AUD,,
ABS:AWE(1.0.0),3,1,3,7,TOT,10,2,S,2016-S2,1500.1,AUD,,
ABS:AWE(1.0.0),3,1,3,7,TOT,10,2,S,2017-S1,1507.7,AUD,,
ABS:AWE(1.0.0),3,1,3,7,TOT,10,2,S,2017-S2,1524.3,AUD,,
ABS:AWE(1.0.0),3,1,3,7,TOT,10,2,S,2018-S1,1545.3,AUD,,
ABS:AWE(1.0.0),3,1,3,7,TOT,10,2,S,2018-S2,1568.8,AUD,,
ABS:AWE(1.0.0),3,1,3,7,TOT,10,2,S,2019-S1,1608.3,AUD,,
ABS:AWE(1.0.0),3,1,3,7,TOT,10,2,S,2019-S2,1646.7,AUD,,
ABS:AWE(1.0.0),3,1,3,7,TOT,10,2,S,2020-S1,1709.0,AUD,,
ABS:AWE(1.0.0),3,1,3,7,TOT,10,2,S,2020-S2,1718.5,AUD,,
ABS:AWE(1.0.0),3,1,3,7,TOT,10,2,S,2021-S1,1750.7,AUD,,
ABS:AWE(1.0.0),3,1,3,7,TOT,10,2,S,2021-S2,1759.8,AUD,,
ABS:AWE(1.0.0),3,1,3,7,TOT,10,2,S,2022-S1,1750.7,AUD,,
ABS:AWE(1.0.0),3,1,3,7,TOT,10,2,S,2022-S2,1793.9,AUD,,
ABS:AWE(1.0.0),3,1,3,7,TOT,10,2,S,2023-S1,1832.9,AUD,,
ABS:AWE(1.0.0),3,1,3,7,TOT,10,2,S,2023-S2,1858.1,AUD,,
ABS:AWE(1.0.0),3,1,3,7,TOT,10,2,S,2024-S1,1882.0,AUD,,
ABS:AWE(1.0.0),3,1,3,7,TOT,10,2,S,2024-S2,1927.9,AUD,,
ABS:AWE(1.0.0),3,1,3,7,TOT,10,2,S,2025-S1,1959.6,AUD,,
ABS:AWE(1.0.0),3,1,3,7,TOT,10,2,S,2025-S2,2013.7,AUD,,
ABS:AWE(1.0.0),3,1,3,7,TOT,10,2,S,2026-S1,2041.1,AUD,,
ABS:AWE(1.0.0),3,1,1,7,TOT,10,2,S,2012-S1,1372.4,AUD,,
ABS:AWE(1.0.0),3,1,1,7,TOT,10,2,S,2012-S2,1403.4,AUD,,
ABS:AWE(1.0.0),3,1,1,7,TOT,10,2,S,2013-S1,1403.9,AUD,,
ABS:AWE(1.0.0),3,1,1,7,TOT,10,2,S,2013-S2,1471.1,AUD,,
ABS:AWE(1.0.0),3,1,1,7,TOT,10,2,S,2014-S1,1452.2,AUD,,
ABS:AWE(1.0.0),3,1,1,7,TOT,10,2,S,2014-S2,1477.6,AUD,,
ABS:AWE(1.0.0),3,1,1,7,TOT,10,2,S,2015-S1,1471.3,AUD,,
ABS:AWE(1.0.0),3,1,1,7,TOT,10,2,S,2015-S2,1503.6,AUD,,
ABS:AWE(1.0.0),3,1,1,7,TOT,10,2,S,2016-S1,1520.4,AUD,,
ABS:AWE(1.0.0),3,1,1,7,TOT,10,2,S,2016-S2,1583.5,AUD,,
ABS:AWE(1.0.0),3,1,1,7,TOT,10,2,S,2017-S1,1579.0,AUD,,
ABS:AWE(1.0.0),3,1,1,7,TOT,10,2,S,2017-S2,1596.8,AUD,,
ABS:AWE(1.0.0),3,1,1,7,TOT,10,2,S,2018-S1,1612.3,AUD,,
ABS:AWE(1.0.0),3,1,1,7,TOT,10,2,S,2018-S2,1622.1,AUD,,
ABS:AWE(1.0.0),3,1,1,7,TOT,10,2,S,2019-S1,1665.6,AUD,,
ABS:AWE(1.0.0),3,1,1,7,TOT,10,2,S,2019-S2,1706.1,AUD,,
ABS:AWE(1.0.0),3,1,1,7,TOT,10,2,S,2020-S1,1770.7,AUD,,
ABS:AWE(1.0.0),3,1,1,7,TOT,10,2,S,2020-S2,1794.2,AUD,,
ABS:AWE(1.0.0),3,1,1,7,TOT,10,2,S,2021-S1,1836.7,AUD,,
ABS:AWE(1.0.0),3,1,1,7,TOT,10,2,S,2021-S2,1862.4,AUD,,
ABS:AWE(1.0.0),3,1,1,7,TOT,10,2,S,2022-S1,1854.2,AUD,,
ABS:AWE(1.0.0),3,1,1,7,TOT,10,2,S,2022-S2,1896.3,AUD,,
ABS:AWE(1.0.0),3,1,1,7,TOT,10,2,S,2023-S1,1933.5,AUD,,
ABS:AWE(1.0.0),3,1,1,7,TOT,10,2,S,2023-S2,1940.9,AUD,,
ABS:AWE(1.0.0),3,1,1,7,TOT,10,2,S,2024-S1,1962.7,AUD,,
ABS:AWE(1.0.0),3,1,1,7,TOT,10,2,S,2024-S2,2015.0,AUD,,
ABS:AWE(1.0.0),3,1,1,7,TOT,10,2,S,2025-S1,2049.0,AUD,,
ABS:AWE(1.0.0),3,1,1,7,TOT,10,2,S,2025-S2,2107.9,AUD,,
ABS:AWE(1.0.0),3,1,1,7,TOT,10,2,S,2026-S1,2140.9,AUD,,
ABS:AWE(1.0.0),3,1,3,7,TOT,10,5,S,2012-S1,1516.8,AUD,,
ABS:AWE(1.0.0),3,1,3,7,TOT,10,5,S,2012-S2,1590.6,AUD,,
ABS:AWE(1.0.0),3,1,3,7,TOT,10,5,S,2013-S1,1644.8,AUD,,
ABS:AWE(1.0.0),3,1,3,7,TOT,10,5,S,2013-S2,1620.0,AUD,,
ABS:AWE(1.0.0),3,1,3,7,TOT,10,5,S,2014-S1,1641.2,AUD,,
ABS:AWE(1.0.0),3,1,3,7,TOT,10,5,S,2014-S2,1673.1,AUD,,
ABS:AWE(1.0.0),3,1,3,7,TOT,10,5,S,2015-S1,1691.2,AUD,,
ABS:AWE(1.0.0),3,1,3,7,TOT,10,5,S,2015-S2,1708.7,AUD,,
ABS:AWE(1.0.0),3,1,3,7,TOT,10,5,S,2016-S1,1698.6,AUD,,
ABS:AWE(1.0.0),3,1,3,7,TOT,10,5,S,2016-S2,1703.2,AUD,,
ABS:AWE(1.0.0),3,1,3,7,TOT,10,5,S,2017-S1,1714.7,AUD,,
ABS:AWE(1.0.0),3,1,3,7,TOT,10,5,S,2017-S2,1742.8,AUD,,
ABS:AWE(1.0.0),3,1,3,7,TOT,10,5,S,2018-S1,1740.3,AUD,,
ABS:AWE(1.0.0),3,1,3,7,TOT,10,5,S,2018-S2,1757.1,AUD,,
ABS:AWE(1.0.0),3,1,3,7,TOT,10,5,S,2019-S1,1780.8,AUD,,
ABS:AWE(1.0.0),3,1,3,7,TOT,10,5,S,2019-S2,1777.8,AUD,,
ABS:AWE(1.0.0),3,1,3,7,TOT,10,5,S,2020-S1,1840.8,AUD,,
ABS:AWE(1.0.0),3,1,3,7,TOT,10,5,S,2020-S2,1840.5,AUD,,
ABS:AWE(1.0.0),3,1,3,7,TOT,10,5,S,2021-S1,1879.7,AUD,,
ABS:AWE(1.0.0),3,1,3,7,TOT,10,5,S,2021-S2,1895.8,AUD,,
ABS:AWE(1.0.0),3,1,3,7,TOT,10,5,S,2022-S1,1937.3,AUD,,
ABS:AWE(1.0.0),3,1,3,7,TOT,10,5,S,2022-S2,1988.5,AUD,,
ABS:AWE(1.0.0),3,1,3,7,TOT,10,5,S,2023-S1,2039.3,AUD,,
ABS:AWE(1.0.0),3,1,3,7,TOT,10,5,S,2023-S2,2107.7,AUD,,
ABS:AWE(1.0.0),3,1,3,7,TOT,10,5,S,2024-S1,2094.3,AUD,,
ABS:AWE(1.0.0),3,1,3,7,TOT,10,5,S,2024-S2,2156.8,AUD,,
ABS:AWE(1.0.0),3,1,3,7,TOT,10,5,S,2025-S1,2154.7,AUD,,
ABS:AWE(1.0.0),3,1,3,7,TOT,10,5,S,2025-S2,2193.2,AUD,,
ABS:AWE(1.0.0),3,1,3,7,TOT,10,5,S,2026-S1,2227.4,AUD,,
ABS:AWE(1.0.0),3,1,2,7,TOT,10,4,S,2012-S1,1099.5,AUD,,
ABS:AWE(1.0.0),3,1,2,7,TOT,10,4,S,2012-S2,1146.0,AUD,,
ABS:AWE(1.0.0),3,1,2,7,TOT,10,4,S,2013-S1,1145.4,AUD,,
ABS:AWE(1.0.0),3,1,2,7,TOT,10,4,S,2013-S2,1170.5,AUD,,
ABS:AWE(1.0.0),3,1,2,7,TOT,10,4,S,2014-S1,1204.0,AUD,,
ABS:AWE(1.0.0),3,1,2,7,TOT,10,4,S,2014-S2,1228.2,AUD,,
ABS:AWE(1.0.0),3,1,2,7,TOT,10,4,S,2015-S1,1246.7,AUD,,
ABS:AWE(1.0.0),3,1,2,7,TOT,10,4,S,2015-S2,1278.8,AUD,,
ABS:AWE(1.0.0),3,1,2,7,TOT,10,4,S,2016-S1,1305.8,AUD,,
ABS:AWE(1.0.0),3,1,2,7,TOT,10,4,S,2016-S2,1341.8,AUD,,
ABS:AWE(1.0.0),3,1,2,7,TOT,10,4,S,2017-S1,1352.3,AUD,,
ABS:AWE(1.0.0),3,1,2,7,TOT,10,4,S,2017-S2,1340.3,AUD,,
ABS:AWE(1.0.0),3,1,2,7,TOT,10,4,S,2018-S1,1352.6,AUD,,
ABS:AWE(1.0.0),3,1,2,7,TOT,10,4,S,2018-S2,1374.2,AUD,,
ABS:AWE(1.0.0),3,1,2,7,TOT,10,4,S,2019-S1,1385.2,AUD,,
ABS:AWE(1.0.0),3,1,2,7,TOT,10,4,S,2019-S2,1403.0,AUD,,
ABS:AWE(1.0.0),3,1,2,7,TOT,10,4,S,2020-S1,1441.2,AUD,,
ABS:AWE(1.0.0),3,1,2,7,TOT,10,4,S,2020-S2,1459.4,AUD,,
ABS:AWE(1.0.0),3,1,2,7,TOT,10,4,S,2021-S1,1496.2,AUD,,
ABS:AWE(1.0.0),3,1,2,7,TOT,10,4,S,2021-S2,1511.4,AUD,,
ABS:AWE(1.0.0),3,1,2,7,TOT,10,4,S,2022-S1,1542.4,AUD,,
ABS:AWE(1.0.0),3,1,2,7,TOT,10,4,S,2022-S2,1568.5,AUD,,
ABS:AWE(1.0.0),3,1,2,7,TOT,10,4,S,2023-S1,1601.8,AUD,,
ABS:AWE(1.0.0),3,1,2,7,TOT,10,4,S,2023-S2,1628.8,AUD,,
ABS:AWE(1.0.0),3,1,2,7,TOT,10,4,S,2024-S1,1662.2,AUD,,
ABS:AWE(1.0.0),3,1,2,7,TOT,10,4,S,2024-S2,1736.2,AUD,,
ABS:AWE(1.0.0),3,1,2,7,TOT,10,4,S,2025-S1,1792.2,AUD,,
ABS:AWE(1.0.0),3,1,2,7,TOT,10,4,S,2025-S2,1845.1,AUD,,
ABS:AWE(1.0.0),3,1,2,7,TOT,10,4,S,2026-S1,1858.0,AUD,,
ABS:AWE(1.0.0),3,1,3,7,TOT,10,8,S,2012-S1,1594.0,AUD,,
ABS:AWE(1.0.0),3,1,3,7,TOT,10,8,S,2012-S2,1645.1,AUD,,
ABS:AWE(1.0.0),3,1,3,7,TOT,10,8,S,2013-S1,1702.0,AUD,,
ABS:AWE(1.0.0),3,1,3,7,TOT,10,8,S,2013-S2,1671.9,AUD,,
ABS:AWE(1.0.0),3,1,3,7,TOT,10,8,S,2014-S1,1663.4,AUD,,
ABS:AWE(1.0.0),3,1,3,7,TOT,10,8,S,2014-S2,1702.1,AUD,,
ABS:AWE(1.0.0),3,1,3,7,TOT,10,8,S,2015-S1,1707.0,AUD,,
ABS:AWE(1.0.0),3,1,3,7,TOT,10,8,S,2015-S2,1715.6,AUD,,
ABS:AWE(1.0.0),3,1,3,7,TOT,10,8,S,2016-S1,1725.4,AUD,,
ABS:AWE(1.0.0),3,1,3,7,TOT,10,8,S,2016-S2,1747.0,AUD,,
ABS:AWE(1.0.0),3,1,3,7,TOT,10,8,S,2017-S1,1774.1,AUD,,
ABS:AWE(1.0.0),3,1,3,7,TOT,10,8,S,2017-S2,1803.1,AUD,,
ABS:AWE(1.0.0),3,1,3,7,TOT,10,8,S,2018-S1,1810.1,AUD,,
ABS:AWE(1.0.0),3,1,3,7,TOT,10,8,S,2018-S2,1813.3,AUD,,
ABS:AWE(1.0.0),3,1,3,7,TOT,10,8,S,2019-S1,1809.7,AUD,,
ABS:AWE(1.0.0),3,1,3,7,TOT,10,8,S,2019-S2,1829.8,AUD,,
ABS:AWE(1.0.0),3,1,3,7,TOT,10,8,S,2020-S1,1861.4,AUD,,
ABS:AWE(1.0.0),3,1,3,7,TOT,10,8,S,2020-S2,1890.2,AUD,,
ABS:AWE(1.0.0),3,1,3,7,TOT,10,8,S,2021-S1,1908.6,AUD,,
ABS:AWE(1.0.0),3,1,3,7,TOT,10,8,S,2021-S2,1980.5,AUD,,
ABS:AWE(1.0.0),3,1,3,7,TOT,10,8,S,2022-S1,1983.7,AUD,,
ABS:AWE(1.0.0),3,1,3,7,TOT,10,8,S,2022-S2,2019.1,AUD,,
ABS:AWE(1.0.0),3,1,3,7,TOT,10,8,S,2023-S1,2022.9,AUD,,
ABS:AWE(1.0.0),3,1,3,7,TOT,10,8,S,2023-S2,2087.6,AUD,,
ABS:AWE(1.0.0),3,1,3,7,TOT,10,8,S,2024-S1,2126.5,AUD,,
ABS:AWE(1.0.0),3,1,3,7,TOT,10,8,S,2024-S2,2178.4,AUD,,
ABS:AWE(1.0.0),3,1,3,7,TOT,10,8,S,2025-S1,2232.2,AUD,,
ABS:AWE(1.0.0),3,1,3,7,TOT,10,8,S,2025-S2,2248.4,AUD,,
ABS:AWE(1.0.0),3,1,3,7,TOT,10,8,S,2026-S1,2290.2,AUD,,
ABS:AWE(1.0.0),3,1,1,7,TOT,10,3,S,2012-S1,1435.4,AUD,,
ABS:AWE(1.0.0),3,1,1,7,TOT,10,3,S,2012-S2,1483.2,AUD,,
ABS:AWE(1.0.0),3,1,1,7,TOT,10,3,S,2013-S1,1554.6,AUD,,
ABS:AWE(1.0.0),3,1,1,7,TOT,10,3,S,2013-S2,1540.3,AUD,,
ABS:AWE(1.0.0),3,1,1,7,TOT,10,3,S,2014-S1,1584.4,AUD,,
ABS:AWE(1.0.0),3,1,1,7,TOT,10,3,S,2014-S2,1576.2,AUD,,
ABS:AWE(1.0.0),3,1,1,7,TOT,10,3,S,2015-S1,1550.8,AUD,,
ABS:AWE(1.0.0),3,1,1,7,TOT,10,3,S,2015-S2,1552.9,AUD,,
ABS:AWE(1.0.0),3,1,1,7,TOT,10,3,S,2016-S1,1558.3,AUD,,
ABS:AWE(1.0.0),3,1,1,7,TOT,10,3,S,2016-S2,1580.3,AUD,,
ABS:AWE(1.0.0),3,1,1,7,TOT,10,3,S,2017-S1,1599.2,AUD,,
ABS:AWE(1.0.0),3,1,1,7,TOT,10,3,S,2017-S2,1641.5,AUD,,
ABS:AWE(1.0.0),3,1,1,7,TOT,10,3,S,2018-S1,1650.1,AUD,,
ABS:AWE(1.0.0),3,1,1,7,TOT,10,3,S,2018-S2,1687.6,AUD,,
ABS:AWE(1.0.0),3,1,1,7,TOT,10,3,S,2019-S1,1685.5,AUD,,
ABS:AWE(1.0.0),3,1,1,7,TOT,10,3,S,2019-S2,1719.1,AUD,,
ABS:AWE(1.0.0),3,1,1,7,TOT,10,3,S,2020-S1,1748.7,AUD,,
ABS:AWE(1.0.0),3,1,1,7,TOT,10,3,S,2020-S2,1707.7,AUD,,
ABS:AWE(1.0.0),3,1,1,7,TOT,10,3,S,2021-S1,1751.5,AUD,,
ABS:AWE(1.0.0),3,1,1,7,TOT,10,3,S,2021-S2,1780.2,AUD,,
ABS:AWE(1.0.0),3,1,1,7,TOT,10,3,S,2022-S1,1814.6,AUD,,
ABS:AWE(1.0.0),3,1,1,7,TOT,10,3,S,2022-S2,1865.3,AUD,,
ABS:AWE(1.0.0),3,1,1,7,TOT,10,3,S,2023-S1,1887.8,AUD,,
ABS:AWE(1.0.0),3,1,1,7,TOT,10,3,S,2023-S2,1931.5,AUD,,
ABS:AWE(1.0.0),3,1,1,7,TOT,10,3,S,2024-S1,2002.1,AUD,,
ABS:AWE(1.0.0),3,1,1,7,TOT,10,3,S,2024-S2,2039.6,AUD,,
ABS:AWE(1.0.0),3,1,1,7,TOT,10,3,S,2025-S1,2023.6,AUD,,
ABS:AWE(1.0.0),3,1,1,7,TOT,10,3,S,2025-S2,2076.9,AUD,,
ABS:AWE(1.0.0),3,1,1,7,TOT,10,3,S,2026-S1,2122.0,AUD,,
ABS:AWE(1.0.0),3,1,1,7,TOT,10,6,S,2012-S1,1245.1,AUD,,
ABS:AWE(1.0.0),3,1,1,7,TOT,10,6,S,2012-S2,1262.7,AUD,,
ABS:AWE(1.0.0),3,1,1,7,TOT,10,6,S,2013-S1,1305.7,AUD,,
ABS:AWE(1.0.0),3,1,1,7,TOT,10,6,S,2013-S2,1316.3,AUD,,
ABS:AWE(1.0.0),3,1,1,7,TOT,10,6,S,2014-S1,1299.9,AUD,,
ABS:AWE(1.0.0),3,1,1,7,TOT,10,6,S,2014-S2,1329.2,AUD,,
ABS:AWE(1.0.0),3,1,1,7,TOT,10,6,S,2015-S1,1345.2,AUD,,
ABS:AWE(1.0.0),3,1,1,7,TOT,10,6,S,2015-S2,1379.7,AUD,,
ABS:AWE(1.0.0),3,1,1,7,TOT,10,6,S,2016-S1,1400.4,AUD,,
ABS:AWE(1.0.0),3,1,1,7,TOT,10,6,S,2016-S2,1401.0,AUD,,
ABS:AWE(1.0.0),3,1,1,7,TOT,10,6,S,2017-S1,1414.1,AUD,,
ABS:AWE(1.0.0),3,1,1,7,TOT,10,6,S,2017-S2,1405.8,AUD,,
ABS:AWE(1.0.0),3,1,1,7,TOT,10,6,S,2018-S1,1427.4,AUD,,
ABS:AWE(1.0.0),3,1,1,7,TOT,10,6,S,2018-S2,1452.8,AUD,,
ABS:AWE(1.0.0),3,1,1,7,TOT,10,6,S,2019-S1,1473.2,AUD,,
ABS:AWE(1.0.0),3,1,1,7,TOT,10,6,S,2019-S2,1498.0,AUD,,
ABS:AWE(1.0.0),3,1,1,7,TOT,10,6,S,2020-S1,1534.7,AUD,,
ABS:AWE(1.0.0),3,1,1,7,TOT,10,6,S,2020-S2,1527.8,AUD,,
ABS:AWE(1.0.0),3,1,1,7,TOT,10,6,S,2021-S1,1568.2,AUD,,
ABS:AWE(1.0.0),3,1,1,7,TOT,10,6,S,2021-S2,1596.3,AUD,,
ABS:AWE(1.0.0),3,1,1,7,TOT,10,6,S,2022-S1,1612.3,AUD,,
ABS:AWE(1.0.0),3,1,1,7,TOT,10,6,S,2022-S2,1621.9,AUD,,
ABS:AWE(1.0.0),3,1,1,7,TOT,10,6,S,2023-S1,1652.1,AUD,,
ABS:AWE(1.0.0),3,1,1,7,TOT,10,6,S,2023-S2,1704.3,AUD,,
ABS:AWE(1.0.0),3,1,1,7,TOT,10,6,S,2024-S1,1741.6,AUD,,
ABS:AWE(1.0.0),3,1,1,7,TOT,10,6,S,2024-S2,1799.7,AUD,,
ABS:AWE(1.0.0),3,1,1,7,TOT,10,6,S,2025-S1,1805.1,AUD,,
ABS:AWE(1.0.0),3,1,1,7,TOT,10,6,S,2025-S2,1825.2,AUD,,
ABS:AWE(1.0.0),3,1,1,7,TOT,10,6,S,2026-S1,1854.9,AUD,,
ABS:AWE(1.0.0),3,1,1,7,TOT,10,8,S,2012-S1,1697.0,AUD,,
ABS:AWE(1.0.0),3,1,1,7,TOT,10,8,S,2012-S2,1741.6,AUD,,
ABS:AWE(1.0.0),3,1,1,7,TOT,10,8,S,2013-S1,1827.2,AUD,,
ABS:AWE(1.0.0),3,1,1,7,TOT,10,8,S,2013-S2,1739.4,AUD,,
ABS:AWE(1.0.0),3,1,1,7,TOT,10,8,S,2014-S1,1740.3,AUD,,
ABS:AWE(1.0.0),3,1,1,7,TOT,10,8,S,2014-S2,1795.1,AUD,,
ABS:AWE(1.0.0),3,1,1,7,TOT,10,8,S,2015-S1,1799.8,AUD,,
ABS:AWE(1.0.0),3,1,1,7,TOT,10,8,S,2015-S2,1807.4,AUD,,
ABS:AWE(1.0.0),3,1,1,7,TOT,10,8,S,2016-S1,1811.8,AUD,,
ABS:AWE(1.0.0),3,1,1,7,TOT,10,8,S,2016-S2,1840.0,AUD,,
ABS:AWE(1.0.0),3,1,1,7,TOT,10,8,S,2017-S1,1876.7,AUD,,
ABS:AWE(1.0.0),3,1,1,7,TOT,10,8,S,2017-S2,1910.0,AUD,,
ABS:AWE(1.0.0),3,1,1,7,TOT,10,8,S,2018-S1,1924.2,AUD,,
ABS:AWE(1.0.0),3,1,1,7,TOT,10,8,S,2018-S2,1941.3,AUD,,
ABS:AWE(1.0.0),3,1,1,7,TOT,10,8,S,2019-S1,1920.1,AUD,,
ABS:AWE(1.0.0),3,1,1,7,TOT,10,8,S,2019-S2,1908.9,AUD,,
ABS:AWE(1.0.0),3,1,1,7,TOT,10,8,S,2020-S1,1937.3,AUD,,
ABS:AWE(1.0.0),3,1,1,7,TOT,10,8,S,2020-S2,1947.0,AUD,,
ABS:AWE(1.0.0),3,1,1,7,TOT,10,8,S,2021-S1,1979.0,AUD,,
ABS:AWE(1.0.0),3,1,1,7,TOT,10,8,S,2021-S2,2055.1,AUD,,
ABS:AWE(1.0.0),3,1,1,7,TOT,10,8,S,2022-S1,2099.6,AUD,,
ABS:AWE(1.0.0),3,1,1,7,TOT,10,8,S,2022-S2,2116.2,AUD,,
ABS:AWE(1.0.0),3,1,1,7,TOT,10,8,S,2023-S1,2129.0,AUD,,
ABS:AWE(1.0.0),3,1,1,7,TOT,10,8,S,2023-S2,2189.9,AUD,,
ABS:AWE(1.0.0),3,1,1,7,TOT,10,8,S,2024-S1,2215.3,AUD,,
ABS:AWE(1.0.0),3,1,1,7,TOT,10,8,S,2024-S2,2250.7,AUD,,
ABS:AWE(1.0.0),3,1,1,7,TOT,10,8,S,2025-S1,2305.3,AUD,,
ABS:AWE(1.0.0),3,1,1,7,TOT,10,8,S,2025-S2,2306.3,AUD,,
ABS:AWE(1.0.0),3,1,1,7,TOT,10,8,S,2026-S1,2331.9,AUD,,
ABS:AWE(1.0.0),3,1,2,7,TOT,10,3,S,2012-S1,1144.3,AUD,,
ABS:AWE(1.0.0),3,1,2,7,TOT,10,3,S,2012-S2,1188.1,AUD,,
ABS:AWE(1.0.0),3,1,2,7,TOT,10,3,S,2013-S1,1206.4,AUD,,
ABS:AWE(1.0.0),3,1,2,7,TOT,10,3,S,2013-S2,1223.2,AUD,,
ABS:AWE(1.0.0),3,1,2,7,TOT,10,3,S,2014-S1,1216.5,AUD,,
ABS:AWE(1.0.0),3,1,2,7,TOT,10,3,S,2014-S2,1262.7,AUD,,
ABS:AWE(1.0.0),3,1,2,7,TOT,10,3,S,2015-S1,1269.9,AUD,,
ABS:AWE(1.0.0),3,1,2,7,TOT,10,3,S,2015-S2,1277.7,AUD,,
ABS:AWE(1.0.0),3,1,2,7,TOT,10,3,S,2016-S1,1303.3,AUD,,
ABS:AWE(1.0.0),3,1,2,7,TOT,10,3,S,2016-S2,1321.0,AUD,,
ABS:AWE(1.0.0),3,1,2,7,TOT,10,3,S,2017-S1,1331.1,AUD,,
ABS:AWE(1.0.0),3,1,2,7,TOT,10,3,S,2017-S2,1340.9,AUD,,
ABS:AWE(1.0.0),3,1,2,7,TOT,10,3,S,2018-S1,1369.8,AUD,,
ABS:AWE(1.0.0),3,1,2,7,TOT,10,3,S,2018-S2,1390.7,AUD,,
ABS:AWE(1.0.0),3,1,2,7,TOT,10,3,S,2019-S1,1411.2,AUD,,
ABS:AWE(1.0.0),3,1,2,7,TOT,10,3,S,2019-S2,1443.2,AUD,,
ABS:AWE(1.0.0),3,1,2,7,TOT,10,3,S,2020-S1,1485.1,AUD,,
ABS:AWE(1.0.0),3,1,2,7,TOT,10,3,S,2020-S2,1474.9,AUD,,
ABS:AWE(1.0.0),3,1,2,7,TOT,10,3,S,2021-S1,1479.2,AUD,,
ABS:AWE(1.0.0),3,1,2,7,TOT,10,3,S,2021-S2,1498.5,AUD,,
ABS:AWE(1.0.0),3,1,2,7,TOT,10,3,S,2022-S1,1533.0,AUD,,
ABS:AWE(1.0.0),3,1,2,7,TOT,10,3,S,2022-S2,1590.0,AUD,,
ABS:AWE(1.0.0),3,1,2,7,TOT,10,3,S,2023-S1,1637.8,AUD,,
ABS:AWE(1.0.0),3,1,2,7,TOT,10,3,S,2023-S2,1709.8,AUD,,
ABS:AWE(1.0.0),3,1,2,7,TOT,10,3,S,2024-S1,1750.6,AUD,,
ABS:AWE(1.0.0),3,1,2,7,TOT,10,3,S,2024-S2,1819.3,AUD,,
ABS:AWE(1.0.0),3,1,2,7,TOT,10,3,S,2025-S1,1840.8,AUD,,
ABS:AWE(1.0.0),3,1,2,7,TOT,10,3,S,2025-S2,1854.7,AUD,,
ABS:AWE(1.0.0),3,1,2,7,TOT,10,3,S,2026-S1,1908.2,AUD,,
ABS:AWE(1.0.0),3,1,2,7,TOT,10,AUS,S,2012-S1,1189.6,AUD,,
ABS:AWE(1.0.0),3,1,2,7,TOT,10,AUS,S,2012-S2,1230.1,AUD,,
ABS:AWE(1.0.0),3,1,2,7,TOT,10,AUS,S,2013-S1,1250.5,AUD,,
ABS:AWE(1.0.0),3,1,2,7,TOT,10,AUS,S,2013-S2,1270.5,AUD,,
ABS:AWE(1.0.0),3,1,2,7,TOT,10,AUS,S,2014-S1,1274.4,AUD,,
ABS:AWE(1.0.0),3,1,2,7,TOT,10,AUS,S,2014-S2,1292.7,AUD,,
ABS:AWE(1.0.0),3,1,2,7,TOT,10,AUS,S,2015-S1,1307.4,AUD,,
ABS:AWE(1.0.0),3,1,2,7,TOT,10,AUS,S,2015-S2,1327.6,AUD,,
ABS:AWE(1.0.0),3,1,2,7,TOT,10,AUS,S,2016-S1,1352.1,AUD,,
ABS:AWE(1.0.0),3,1,2,7,TOT,10,AUS,S,2016-S2,1370.3,AUD,,
ABS:AWE(1.0.0),3,1,2,7,TOT,10,AUS,S,2017-S1,1386.6,AUD,,
ABS:AWE(1.0.0),3,1,2,7,TOT,10,AUS,S,2017-S2,1410.8,AUD,,
ABS:AWE(1.0.0),3,1,2,7,TOT,10,AUS,S,2018-S1,1433.4,AUD,,
ABS:AWE(1.0.0),3,1,2,7,TOT,10,AUS,S,2018-S2,1456.5,AUD,,
ABS:AWE(1.0.0),3,1,2,7,TOT,10,AUS,S,2019-S1,1485.5,AUD,,
ABS:AWE(1.0.0),3,1,2,7,TOT,10,AUS,S,2019-S2,1508.3,AUD,,
ABS:AWE(1.0.0),3,1,2,7,TOT,10,AUS,S,2020-S1,1558.4,AUD,,
ABS:AWE(1.0.0),3,1,2,7,TOT,10,AUS,S,2020-S2,1562.0,AUD,,
ABS:AWE(1.0.0),3,1,2,7,TOT,10,AUS,S,2021-S1,1575.5,AUD,,
ABS:AWE(1.0.0),3,1,2,7,TOT,10,AUS,S,2021-S2,1591.2,AUD,,
ABS:AWE(1.0.0),3,1,2,7,TOT,10,AUS,S,2022-S1,1609.0,AUD,,
ABS:AWE(1.0.0),3,1,2,7,TOT,10,AUS,S,2022-S2,1653.6,AUD,,
ABS:AWE(1.0.0),3,1,2,7,TOT,10,AUS,S,2023-S1,1686.0,AUD,,
ABS:AWE(1.0.0),3,1,2,7,TOT,10,AUS,S,2023-S2,1744.8,AUD,,
ABS:AWE(1.0.0),3,1,2,7,TOT,10,AUS,S,2024-S1,1782.8,AUD,,
ABS:AWE(1.0.0),3,1,2,7,TOT,10,AUS,S,2024-S2,1826.4,AUD,,
ABS:AWE(1.0.0),3,1,2,7,TOT,10,AUS,S,2025-S1,1864.1,AUD,,
ABS:AWE(1.0.0),3,1,2,7,TOT,10,AUS,S,2025-S2,1900.6,AUD,,
ABS:AWE(1.0.0),3,1,2,7,TOT,10,AUS,S,2026-S1,1934.5,AUD,,
ABS:AWE(1.0.0),3,1,2,7,TOT,10,6,S,2012-S1,1105.2,AUD,,
ABS:AWE(1.0.0),3,1,2,7,TOT,10,6,S,2012-S2,1153.2,AUD,,
ABS:AWE(1.0.0),3,1,2,7,TOT,10,6,S,2013-S1,1184.2,AUD,,
ABS:AWE(1.0.0),3,1,2,7,TOT,10,6,S,2013-S2,1174.7,AUD,,
ABS:AWE(1.0.0),3,1,2,7,TOT,10,6,S,2014-S1,1148.2,AUD,,
ABS:AWE(1.0.0),3,1,2,7,TOT,10,6,S,2014-S2,1158.9,AUD,,
ABS:AWE(1.0.0),3,1,2,7,TOT,10,6,S,2015-S1,1188.0,AUD,,
ABS:AWE(1.0.0),3,1,2,7,TOT,10,6,S,2015-S2,1202.0,AUD,,
ABS:AWE(1.0.0),3,1,2,7,TOT,10,6,S,2016-S1,1217.6,AUD,,
ABS:AWE(1.0.0),3,1,2,7,TOT,10,6,S,2016-S2,1238.6,AUD,,
ABS:AWE(1.0.0),3,1,2,7,TOT,10,6,S,2017-S1,1243.0,AUD,,
ABS:AWE(1.0.0),3,1,2,7,TOT,10,6,S,2017-S2,1256.6,AUD,,
ABS:AWE(1.0.0),3,1,2,7,TOT,10,6,S,2018-S1,1288.0,AUD,,
ABS:AWE(1.0.0),3,1,2,7,TOT,10,6,S,2018-S2,1300.1,AUD,,
ABS:AWE(1.0.0),3,1,2,7,TOT,10,6,S,2019-S1,1322.1,AUD,,
ABS:AWE(1.0.0),3,1,2,7,TOT,10,6,S,2019-S2,1364.5,AUD,,
ABS:AWE(1.0.0),3,1,2,7,TOT,10,6,S,2020-S1,1403.7,AUD,,
ABS:AWE(1.0.0),3,1,2,7,TOT,10,6,S,2020-S2,1420.2,AUD,,
ABS:AWE(1.0.0),3,1,2,7,TOT,10,6,S,2021-S1,1436.9,AUD,,
ABS:AWE(1.0.0),3,1,2,7,TOT,10,6,S,2021-S2,1450.6,AUD,,
ABS:AWE(1.0.0),3,1,2,7,TOT,10,6,S,2022-S1,1490.7,AUD,,
ABS:AWE(1.0.0),3,1,2,7,TOT,10,6,S,2022-S2,1525.1,AUD,,
ABS:AWE(1.0.0),3,1,2,7,TOT,10,6,S,2023-S1,1565.7,AUD,,
ABS:AWE(1.0.0),3,1,2,7,TOT,10,6,S,2023-S2,1612.2,AUD,,
ABS:AWE(1.0.0),3,1,2,7,TOT,10,6,S,2024-S1,1654.7,AUD,,
ABS:AWE(1.0.0),3,1,2,7,TOT,10,6,S,2024-S2,1705.0,AUD,,
ABS:AWE(1.0.0),3,1,2,7,TOT,10,6,S,2025-S1,1771.1,AUD,,
ABS:AWE(1.0.0),3,1,2,7,TOT,10,6,S,2025-S2,1813.8,AUD,,
ABS:AWE(1.0.0),3,1,2,7,TOT,10,6,S,2026-S1,1830.2,AUD,,
ABS:AWE(1.0.0),3,1,1,7,TOT,10,AUS,S,2012-S1,1443.5,AUD,,
ABS:AWE(1.0.0),3,1,1,7,TOT,10,AUS,S,2012-S2,1491.8,AUD,,
ABS:AWE(1.0.0),3,1,1,7,TOT,10,AUS,S,2013-S1,1516.4,AUD,,
ABS:AWE(1.0.0),3,1,1,7,TOT,10,AUS,S,2013-S2,1532.1,AUD,,
ABS:AWE(1.0.0),3,1,1,7,TOT,10,AUS,S,2014-S1,1560.5,AUD,,
ABS:AWE(1.0.0),3,1,1,7,TOT,10,AUS,S,2014-S2,1587.5,AUD,,
ABS:AWE(1.0.0),3,1,1,7,TOT,10,AUS,S,2015-S1,1591.6,AUD,,
ABS:AWE(1.0.0),3,1,1,7,TOT,10,AUS,S,2015-S2,1603.6,AUD,,
ABS:AWE(1.0.0),3,1,1,7,TOT,10,AUS,S,2016-S1,1613.5,AUD,,
ABS:AWE(1.0.0),3,1,1,7,TOT,10,AUS,S,2016-S2,1631.9,AUD,,
ABS:AWE(1.0.0),3,1,1,7,TOT,10,AUS,S,2017-S1,1637.2,AUD,,
ABS:AWE(1.0.0),3,1,1,7,TOT,10,AUS,S,2017-S2,1665.0,AUD,,
ABS:AWE(1.0.0),3,1,1,7,TOT,10,AUS,S,2018-S1,1677.1,AUD,,
ABS:AWE(1.0.0),3,1,1,7,TOT,10,AUS,S,2018-S2,1696.5,AUD,,
ABS:AWE(1.0.0),3,1,1,7,TOT,10,AUS,S,2019-S1,1727.7,AUD,,
ABS:AWE(1.0.0),3,1,1,7,TOT,10,AUS,S,2019-S2,1750.8,AUD,,
ABS:AWE(1.0.0),3,1,1,7,TOT,10,AUS,S,2020-S1,1812.0,AUD,,
ABS:AWE(1.0.0),3,1,1,7,TOT,10,AUS,S,2020-S2,1804.2,AUD,,
ABS:AWE(1.0.0),3,1,1,7,TOT,10,AUS,S,2021-S1,1837.0,AUD,,
ABS:AWE(1.0.0),3,1,1,7,TOT,10,AUS,S,2021-S2,1846.5,AUD,,
ABS:AWE(1.0.0),3,1,1,7,TOT,10,AUS,S,2022-S1,1872.9,AUD,,
ABS:AWE(1.0.0),3,1,1,7,TOT,10,AUS,S,2022-S2,1907.1,AUD,,
ABS:AWE(1.0.0),3,1,1,7,TOT,10,AUS,S,2023-S1,1938.3,AUD,,
ABS:AWE(1.0.0),3,1,1,7,TOT,10,AUS,S,2023-S2,1982.8,AUD,,
ABS:AWE(1.0.0),3,1,1,7,TOT,10,AUS,S,2024-S1,2014.3,AUD,,
ABS:AWE(1.0.0),3,1,1,7,TOT,10,AUS,S,2024-S2,2072.7,AUD,,
ABS:AWE(1.0.0),3,1,1,7,TOT,10,AUS,S,2025-S1,2106.4,AUD,,
ABS:AWE(1.0.0),3,1,1,7,TOT,10,AUS,S,2025-S2,2147.8,AUD,,
ABS:AWE(1.0.0),3,1,1,7,TOT,10,AUS,S,2026-S1,2181.0,AUD,,
ABS:AWE(1.0.0),3,1,2,7,TOT,10,7,S,2012-S1,1232.3,AUD,,
ABS:AWE(1.0.0),3,1,2,7,TOT,10,7,S,2012-S2,1241.3,AUD,,
ABS:AWE(1.0.0),3,1,2,7,TOT,10,7,S,2013-S1,1259.4,AUD,,
ABS:AWE(1.0.0),3,1,2,7,TOT,10,7,S,2013-S2,1268.3,AUD,,
ABS:AWE(1.0.0),3,1,2,7,TOT,10,7,S,2014-S1,1255.3,AUD,,
ABS:AWE(1.0.0),3,1,2,7,TOT,10,7,S,2014-S2,1293.2,AUD,,
ABS:AWE(1.0.0),3,1,2,7,TOT,10,7,S,2015-S1,1344.3,AUD,,
ABS:AWE(1.0.0),3,1,2,7,TOT,10,7,S,2015-S2,1354.9,AUD,,
ABS:AWE(1.0.0),3,1,2,7,TOT,10,7,S,2016-S1,1359.2,AUD,,
ABS:AWE(1.0.0),3,1,2,7,TOT,10,7,S,2016-S2,1400.0,AUD,,
ABS:AWE(1.0.0),3,1,2,7,TOT,10,7,S,2017-S1,1401.0,AUD,,
ABS:AWE(1.0.0),3,1,2,7,TOT,10,7,S,2017-S2,1440.7,AUD,,
ABS:AWE(1.0.0),3,1,2,7,TOT,10,7,S,2018-S1,1461.2,AUD,,
ABS:AWE(1.0.0),3,1,2,7,TOT,10,7,S,2018-S2,1505.9,AUD,,
ABS:AWE(1.0.0),3,1,2,7,TOT,10,7,S,2019-S1,1553.7,AUD,,
ABS:AWE(1.0.0),3,1,2,7,TOT,10,7,S,2019-S2,1558.2,AUD,,
ABS:AWE(1.0.0),3,1,2,7,TOT,10,7,S,2020-S1,1582.2,AUD,,
ABS:AWE(1.0.0),3,1,2,7,TOT,10,7,S,2020-S2,1572.9,AUD,,
ABS:AWE(1.0.0),3,1,2,7,TOT,10,7,S,2021-S1,1565.7,AUD,,
ABS:AWE(1.0.0),3,1,2,7,TOT,10,7,S,2021-S2,1579.4,AUD,,
ABS:AWE(1.0.0),3,1,2,7,TOT,10,7,S,2022-S1,1592.7,AUD,,
ABS:AWE(1.0.0),3,1,2,7,TOT,10,7,S,2022-S2,1603.2,AUD,,
ABS:AWE(1.0.0),3,1,2,7,TOT,10,7,S,2023-S1,1614.1,AUD,,
ABS:AWE(1.0.0),3,1,2,7,TOT,10,7,S,2023-S2,1671.1,AUD,,
ABS:AWE(1.0.0),3,1,2,7,TOT,10,7,S,2024-S1,1712.1,AUD,,
ABS:AWE(1.0.0),3,1,2,7,TOT,10,7,S,2024-S2,1771.8,AUD,,
ABS:AWE(1.0.0),3,1,2,7,TOT,10,7,S,2025-S1,1796.9,AUD,,
ABS:AWE(1.0.0),3,1,2,7,TOT,10,7,S,2025-S2,1827.5,AUD,,
ABS:AWE(1.0.0),3,1,2,7,TOT,10,7,S,2026-S1,1853.5,AUD,,
ABS:AWE(1.0.0),3,1,3,7,TOT,10,7,S,2012-S1,1408.6,AUD,,
ABS:AWE(1.0.0),3,1,3,7,TOT,10,7,S,2012-S2,1417.4,AUD,,
ABS:AWE(1.0.0),3,1,3,7,TOT,10,7,S,2013-S1,1449.3,AUD,,
ABS:AWE(1.0.0),3,1,3,7,TOT,10,7,S,2013-S2,1448.9,AUD,,
ABS:AWE(1.0.0),3,1,3,7,TOT,10,7,S,2014-S1,1417.2,AUD,,
ABS:AWE(1.0.0),3,1,3,7,TOT,10,7,S,2014-S2,1453.9,AUD,,
ABS:AWE(1.0.0),3,1,3,7,TOT,10,7,S,2015-S1,1513.5,AUD,,
ABS:AWE(1.0.0),3,1,3,7,TOT,10,7,S,2015-S2,1553.0,AUD,,
ABS:AWE(1.0.0),3,1,3,7,TOT,10,7,S,2016-S1,1569.7,AUD,,
ABS:AWE(1.0.0),3,1,3,7,TOT,10,7,S,2016-S2,1638.5,AUD,,
ABS:AWE(1.0.0),3,1,3,7,TOT,10,7,S,2017-S1,1616.5,AUD,,
ABS:AWE(1.0.0),3,1,3,7,TOT,10,7,S,2017-S2,1647.9,AUD,,
ABS:AWE(1.0.0),3,1,3,7,TOT,10,7,S,2018-S1,1668.5,AUD,,
ABS:AWE(1.0.0),3,1,3,7,TOT,10,7,S,2018-S2,1643.3,AUD,,
ABS:AWE(1.0.0),3,1,3,7,TOT,10,7,S,2019-S1,1690.3,AUD,,
ABS:AWE(1.0.0),3,1,3,7,TOT,10,7,S,2019-S2,1685.1,AUD,,
ABS:AWE(1.0.0),3,1,3,7,TOT,10,7,S,2020-S1,1701.6,AUD,,
ABS:AWE(1.0.0),3,1,3,7,TOT,10,7,S,2020-S2,1703.7,AUD,,
ABS:AWE(1.0.0),3,1,3,7,TOT,10,7,S,2021-S1,1695.2,AUD,,
ABS:AWE(1.0.0),3,1,3,7,TOT,10,7,S,2021-S2,1698.6,AUD,,
ABS:AWE(1.0.0),3,1,3,7,TOT,10,7,S,2022-S1,1710.3,AUD,,
ABS:AWE(1.0.0),3,1,3,7,TOT,10,7,S,2022-S2,1744.1,AUD,,
ABS:AWE(1.0.0),3,1,3,7,TOT,10,7,S,2023-S1,1775.9,AUD,,
ABS:AWE(1.0.0),3,1,3,7,TOT,10,7,S,2023-S2,1832.8,AUD,,
ABS:AWE(1.0.0),3,1,3,7,TOT,10,7,S,2024-S1,1845.8,AUD,,
ABS:AWE(1.0.0),3,1,3,7,TOT,10,7,S,2024-S2,1886.6,AUD,,
ABS:AWE(1.0.0),3,1,3,7,TOT,10,7,S,2025-S1,1927.0,AUD,,
ABS:AWE(1.0.0),3,1,3,7,TOT,10,7,S,2025-S2,1942.3,AUD,,
ABS:AWE(1.0.0),3,1,3,7,TOT,10,7,S,2026-S1,1984.1,AUD,,
ABS:AWE(1.0.0),3,1,2,7,TOT,10,8,S,2012-S1,1470.0,AUD,,
ABS:AWE(1.0.0),3,1,2,7,TOT,10,8,S,2012-S2,1525.5,AUD,,
ABS:AWE(1.0.0),3,1,2,7,TOT,10,8,S,2013-S1,1546.9,AUD,,
ABS:AWE(1.0.0),3,1,2,7,TOT,10,8,S,2013-S2,1589.4,AUD,,
ABS:AWE(1.0.0),3,1,2,7,TOT,10,8,S,2014-S1,1564.0,AUD,,
ABS:AWE(1.0.0),3,1,2,7,TOT,10,8,S,2014-S2,1587.7,AUD,,
ABS:AWE(1.0.0),3,1,2,7,TOT,10,8,S,2015-S1,1589.3,AUD,,
ABS:AWE(1.0.0),3,1,2,7,TOT,10,8,S,2015-S2,1602.6,AUD,,
ABS:AWE(1.0.0),3,1,2,7,TOT,10,8,S,2016-S1,1616.1,AUD,,
ABS:AWE(1.0.0),3,1,2,7,TOT,10,8,S,2016-S2,1627.0,AUD,,
ABS:AWE(1.0.0),3,1,2,7,TOT,10,8,S,2017-S1,1642.9,AUD,,
ABS:AWE(1.0.0),3,1,2,7,TOT,10,8,S,2017-S2,1670.8,AUD,,
ABS:AWE(1.0.0),3,1,2,7,TOT,10,8,S,2018-S1,1670.8,AUD,,
ABS:AWE(1.0.0),3,1,2,7,TOT,10,8,S,2018-S2,1661.6,AUD,,
ABS:AWE(1.0.0),3,1,2,7,TOT,10,8,S,2019-S1,1688.6,AUD,,
ABS:AWE(1.0.0),3,1,2,7,TOT,10,8,S,2019-S2,1741.6,AUD,,
ABS:AWE(1.0.0),3,1,2,7,TOT,10,8,S,2020-S1,1780.5,AUD,,
ABS:AWE(1.0.0),3,1,2,7,TOT,10,8,S,2020-S2,1825.1,AUD,,
ABS:AWE(1.0.0),3,1,2,7,TOT,10,8,S,2021-S1,1821.7,AUD,,
ABS:AWE(1.0.0),3,1,2,7,TOT,10,8,S,2021-S2,1893.6,AUD,,
ABS:AWE(1.0.0),3,1,2,7,TOT,10,8,S,2022-S1,1862.1,AUD,,
ABS:AWE(1.0.0),3,1,2,7,TOT,10,8,S,2022-S2,1914.6,AUD,,
ABS:AWE(1.0.0),3,1,2,7,TOT,10,8,S,2023-S1,1911.4,AUD,,
ABS:AWE(1.0.0),3,1,2,7,TOT,10,8,S,2023-S2,1972.9,AUD,,
ABS:AWE(1.0.0),3,1,2,7,TOT,10,8,S,2024-S1,2027.3,AUD,,
ABS:AWE(1.0.0),3,1,2,7,TOT,10,8,S,2024-S2,2096.2,AUD,,
ABS:AWE(1.0.0),3,1,2,7,TOT,10,8,S,2025-S1,2156.9,AUD,,
ABS:AWE(1.0.0),3,1,2,7,TOT,10,8,S,2025-S2,2183.3,AUD,,
ABS:AWE(1.0.0),3,1,2,7,TOT,10,8,S,2026-S1,2244.2,AUD,,
ABS:AWE(1.0.0),3,1,2,7,TOT,10,1,S,2012-S1,1212.2,AUD,,
ABS:AWE(1.0.0),3,1,2,7,TOT,10,1,S,2012-S2,1249.2,AUD,,
ABS:AWE(1.0.0),3,1,2,7,TOT,10,1,S,2013-S1,1271.1,AUD,,
ABS:AWE(1.0.0),3,1,2,7,TOT,10,1,S,2013-S2,1293.2,AUD,,
ABS:AWE(1.0.0),3,1,2,7,TOT,10,1,S,2014-S1,1300.1,AUD,,
ABS:AWE(1.0.0),3,1,2,7,TOT,10,1,S,2014-S2,1306.6,AUD,,
ABS:AWE(1.0.0),3,1,2,7,TOT,10,1,S,2015-S1,1322.8,AUD,,
ABS:AWE(1.0.0),3,1,2,7,TOT,10,1,S,2015-S2,1348.7,AUD,,
ABS:AWE(1.0.0),3,1,2,7,TOT,10,1,S,2016-S1,1368.1,AUD,,
ABS:AWE(1.0.0),3,1,2,7,TOT,10,1,S,2016-S2,1380.8,AUD,,
ABS:AWE(1.0.0),3,1,2,7,TOT,10,1,S,2017-S1,1398.8,AUD,,
ABS:AWE(1.0.0),3,1,2,7,TOT,10,1,S,2017-S2,1441.8,AUD,,
ABS:AWE(1.0.0),3,1,2,7,TOT,10,1,S,2018-S1,1466.0,AUD,,
ABS:AWE(1.0.0),3,1,2,7,TOT,10,1,S,2018-S2,1479.8,AUD,,
ABS:AWE(1.0.0),3,1,2,7,TOT,10,1,S,2019-S1,1509.1,AUD,,
ABS:AWE(1.0.0),3,1,2,7,TOT,10,1,S,2019-S2,1528.2,AUD,,
ABS:AWE(1.0.0),3,1,2,7,TOT,10,1,S,2020-S1,1578.5,AUD,,
ABS:AWE(1.0.0),3,1,2,7,TOT,10,1,S,2020-S2,1600.4,AUD,,
ABS:AWE(1.0.0),3,1,2,7,TOT,10,1,S,2021-S1,1600.2,AUD,,
ABS:AWE(1.0.0),3,1,2,7,TOT,10,1,S,2021-S2,1627.2,AUD,,
ABS:AWE(1.0.0),3,1,2,7,TOT,10,1,S,2022-S1,1651.8,AUD,,
ABS:AWE(1.0.0),3,1,2,7,TOT,10,1,S,2022-S2,1686.1,AUD,,
ABS:AWE(1.0.0),3,1,2,7,TOT,10,1,S,2023-S1,1697.0,AUD,,
ABS:AWE(1.0.0),3,1,2,7,TOT,10,1,S,2023-S2,1760.2,AUD,,
ABS:AWE(1.0.0),3,1,2,7,TOT,10,1,S,2024-S1,1814.9,AUD,,
ABS:AWE(1.0.0),3,1,2,7,TOT,10,1,S,2024-S2,1842.0,AUD,,
ABS:AWE(1.0.0),3,1,2,7,TOT,10,1,S,2025-S1,1898.0,AUD,,
ABS:AWE(1.0.0),3,1,2,7,TOT,10,1,S,2025-S2,1936.1,AUD,,
ABS:AWE(1.0.0),3,1,2,7,TOT,10,1,S,2026-S1,1970.7,AUD,,
ABS:AWE(1.0.0),3,1,2,7,TOT,10,2,S,2012-S1,1163.4,AUD,,
ABS:AWE(1.0.0),3,1,2,7,TOT,10,2,S,2012-S2,1204.2,AUD,,
ABS:AWE(1.0.0),3,1,2,7,TOT,10,2,S,2013-S1,1213.9,AUD,,
ABS:AWE(1.0.0),3,1,2,7,TOT,10,2,S,2013-S2,1235.8,AUD,,
ABS:AWE(1.0.0),3,1,2,7,TOT,10,2,S,2014-S1,1250.4,AUD,,
ABS:AWE(1.0.0),3,1,2,7,TOT,10,2,S,2014-S2,1258.2,AUD,,
ABS:AWE(1.0.0),3,1,2,7,TOT,10,2,S,2015-S1,1274.0,AUD,,
ABS:AWE(1.0.0),3,1,2,7,TOT,10,2,S,2015-S2,1290.5,AUD,,
ABS:AWE(1.0.0),3,1,2,7,TOT,10,2,S,2016-S1,1335.9,AUD,,
ABS:AWE(1.0.0),3,1,2,7,TOT,10,2,S,2016-S2,1359.9,AUD,,
ABS:AWE(1.0.0),3,1,2,7,TOT,10,2,S,2017-S1,1379.2,AUD,,
ABS:AWE(1.0.0),3,1,2,7,TOT,10,2,S,2017-S2,1394.8,AUD,,
ABS:AWE(1.0.0),3,1,2,7,TOT,10,2,S,2018-S1,1422.6,AUD,,
ABS:AWE(1.0.0),3,1,2,7,TOT,10,2,S,2018-S2,1468.8,AUD,,
ABS:AWE(1.0.0),3,1,2,7,TOT,10,2,S,2019-S1,1505.2,AUD,,
ABS:AWE(1.0.0),3,1,2,7,TOT,10,2,S,2019-S2,1539.3,AUD,,
ABS:AWE(1.0.0),3,1,2,7,TOT,10,2,S,2020-S1,1601.2,AUD,,
ABS:AWE(1.0.0),3,1,2,7,TOT,10,2,S,2020-S2,1592.3,AUD,,
ABS:AWE(1.0.0),3,1,2,7,TOT,10,2,S,2021-S1,1613.0,AUD,,
ABS:AWE(1.0.0),3,1,2,7,TOT,10,2,S,2021-S2,1596.6,AUD,,
ABS:AWE(1.0.0),3,1,2,7,TOT,10,2,S,2022-S1,1589.0,AUD,,
ABS:AWE(1.0.0),3,1,2,7,TOT,10,2,S,2022-S2,1640.1,AUD,,
ABS:AWE(1.0.0),3,1,2,7,TOT,10,2,S,2023-S1,1683.7,AUD,,
ABS:AWE(1.0.0),3,1,2,7,TOT,10,2,S,2023-S2,1733.3,AUD,,
ABS:AWE(1.0.0),3,1,2,7,TOT,10,2,S,2024-S1,1757.4,AUD,,
ABS:AWE(1.0.0),3,1,2,7,TOT,10,2,S,2024-S2,1794.8,AUD,,
ABS:AWE(1.0.0),3,1,2,7,TOT,10,2,S,2025-S1,1821.3,AUD,,
ABS:AWE(1.0.0),3,1,2,7,TOT,10,2,S,2025-S2,1869.1,AUD,,
ABS:AWE(1.0.0),3,1,2,7,TOT,10,2,S,2026-S1,1889.6,AUD,,
