DATAFLOW,MEASURE,INDEX,TSEST,REGION,FREQ,TIME_PERIOD,OBS_VALUE,UNIT_MEASURE,OBS_STATUS,DECIMALS,OBS_COMMENT,BASE_PERIOD
ABS:CPI(2.0.0),1,10001,10,3,Q,2012-Q1,68.07,IN,,,,25
ABS:CPI(2.0.0),1,10001,10,3,Q,2012-Q2,68.46,IN,,,,25
ABS:CPI(2.0.0),1,10001,10,3,Q,2012-Q3,69.25,IN,,,,25
ABS:CPI(2.0.0),1,10001,10,3,Q,2012-Q4,69.45,IN,,,,25
ABS:CPI(2.0.0),1,10001,10,3,Q,2013-Q1,69.49,IN,,,,25
ABS:CPI(2.0.0),1,10001,10,3,Q,2013-Q2,69.84,IN,,,,25
ABS:CPI(2.0.0),1,10001,10,3,Q,2013-Q3,70.7,IN,,,,25
ABS:CPI(2.0.0),1,10001,10,3,Q,2013-Q4,71.26,IN,,,,25
ABS:CPI(2.0.0),1,10001,10,3,Q,2014-Q1,71.69,IN,,,,25
ABS:CPI(2.0.0),1,10001,10,3,Q,2014-Q2,72.1,IN,,,,25
ABS:CPI(2.0.0),1,10001,10,3,Q,2014-Q3,72.57,IN,,,,25
ABS:CPI(2.0.0),1,10001,10,3,Q,2014-Q4,72.74,IN,,,,25
ABS:CPI(2.0.0),1,10001,10,3,Q,2015-Q1,72.7,IN,,,,25
ABS:CPI(2.0.0),1,10001,10,3,Q,2015-Q2,73.21,IN,,,,25
ABS:CPI(2.0.0),1,10001,10,3,Q,2015-Q3,73.66,IN,,,,25
ABS:CPI(2.0.0),1,10001,10,3,Q,2015-Q4,73.93,IN,,,,25
ABS:CPI(2.0.0),1,10001,10,3,Q,2016-Q1,73.91,IN,,,,25
ABS:CPI(2.0.0),1,10001,10,3,Q,2016-Q2,74.27,IN,,,,25
ABS:CPI(2.0.0),1,10001,10,3,Q,2016-Q3,74.72,IN,,,,25
ABS:CPI(2.0.0),1,10001,10,3,Q,2016-Q4,75.09,IN,,,,25
ABS:CPI(2.0.0),1,10001,10,3,Q,2017-Q1,75.31,IN,,,,25
ABS:CPI(2.0.0),1,10001,10,3,Q,2017-Q2,75.61,IN,,,,25
ABS:CPI(2.0.0),1,10001,10,3,Q,2017-Q3,75.89,IN,,,,25
ABS:CPI(2.0.0),1,10001,10,3,Q,2017-Q4,76.51,IN,,,,25
ABS:CPI(2.0.0),1,10001,10,3,Q,2018-Q1,76.62,IN,,,,25
ABS:CPI(2.0.0),1,10001,10,3,Q,2018-Q2,76.91,IN,,,,25
ABS:CPI(2.0.0),1,10001,10,3,Q,2018-Q3,77.28,IN,,,,25
ABS:CPI(2.0.0),1,10001,10,3,Q,2018-Q4,77.68,IN,,,,25
ABS:CPI(2.0.0),1,10001,10,3,Q,2019-Q1,77.72,IN,,,,25
ABS:CPI(2.0.0),1,10001,10,3,Q,2019-Q2,78.19,IN,,,,25
ABS:CPI(2.0.0),1,10001,10,3,Q,2019-Q3,78.68,IN,,,,25
ABS:CPI(2.0.0),1,10001,10,3,Q,2019-Q4,79.23,IN,,,,25
ABS:CPI(2.0.0),1,10001,10,3,Q,2020-Q1,79.21,IN,,,,25
ABS:CPI(2.0.0),1,10001,10,3,Q,2020-Q2,77.4,IN,,,,25
ABS:CPI(2.0.0),1,10001,10,3,Q,2020-Q3,79.17,IN,,,,25
ABS:CPI(2.0.0),1,10001,10,3,Q,2020-Q4,80.06,IN,,,,25
ABS:CPI(2.0.0),1,10001,10,3,Q,2021-Q1,80.56,IN,,,,25
ABS:CPI(2.0.0),1,10001,10,3,Q,2021-Q2,81.25,IN,,,,25
ABS:CPI(2.0.0),1,10001,10,3,Q,2021-Q3,82.25,IN,,,,25
ABS:CPI(2.0.0),1,10001,10,3,Q,2021-Q4,83.54,IN,,,,25
ABS:CPI(2.0.0),1,10001,10,3,Q,2022-Q1,85.41,IN,,,,25
ABS:CPI(2.0.0),1,10001,10,3,Q,2022-Q2,87.16,IN,,,,25
ABS:CPI(2.0.0),1,10001,10,3,Q,2022-Q3,88.72,IN,,,,25
ABS:CPI(2.0.0),1,10001,10,3,Q,2022-Q4,90.01,IN,,,,25
ABS:CPI(2.0.0),1,10001,10,3,Q,2023-Q1,91.73,IN,,,,25
ABS:CPI(2.0.0),1,10001,10,3,Q,2023-Q2,92.67,IN,,,,25
ABS:CPI(2.0.0),1,10001,10,3,Q,2023-Q3,93.35,IN,,,,25
ABS:CPI(2.0.0),1,10001,10,3,Q,2023-Q4,93.81,IN,,,,25
ABS:CPI(2.0.0),1,10001,10,3,Q,2024-Q1,94.88,IN,,,,25
ABS:CPI(2.0.0),1,10001,10,3,Q,2024-Q2,95.78,IN,,,,25
ABS:CPI(2.0.0),1,10001,10,3,Q,2024-Q3,94.99,IN,,,,25
ABS:CPI(2.0.0),1,10001,10,3,Q,2024-Q4,95.54,IN,,,,25
ABS:CPI(2.0.0),1,10001,10,3,Q,2025-Q1,97.37,IN,,,,25
ABS:CPI(2.0.0),1,10001,10,3,Q,2025-Q2,98.16,IN,,,,25
ABS:CPI(2.0.0),1,10001,10,3,Q,2025-Q3,99.48,IN,,,,25
ABS:CPI(2.0.0),1,10001,10,3,Q,2025-Q4,100.38,IN,,,,25
ABS:CPI(2.0.0),1,10001,10,3,Q,2026-Q1,101.42,IN,,,,25
ABS:CPI(2.0.0),1,10001,10,3,Q,2026-Q2,102.17,IN,,,,25
ABS:CPI(2.0.0),1,10001,10,7,Q,2012-Q1,72.52,IN,,,,25
ABS:CPI(2.0.0),1,10001,10,7,Q,2012-Q2,73.16,IN,,,,25
ABS:CPI(2.0.0),1,10001,10,7,Q,2012-Q3,74.1,IN,,,,25
ABS:CPI(2.0.0),1,10001,10,7,Q,2012-Q4,74.06,IN,,,,25
ABS:CPI(2.0.0),1,10001,10,7,Q,2013-Q1,75.31,IN,,,,25
ABS:CPI(2.0.0),1,10001,10,7,Q,2013-Q2,75.94,IN,,,,25
ABS:CPI(2.0.0),1,10001,10,7,Q,2013-Q3,76.6,IN,,,,25
ABS:CPI(2.0.0),1,10001,10,7,Q,2013-Q4,77.38,IN,,,,25
ABS:CPI(2.0.0),1,10001,10,7,Q,2014-Q1,77.99,IN,,,,25
ABS:CPI(2.0.0),1,10001,10,7,Q,2014-Q2,78.5,IN,,,,25
ABS:CPI(2.0.0),1,10001,10,7,Q,2014-Q3,78.68,IN,,,,25
ABS:CPI(2.0.0),1,10001,10,7,Q,2014-Q4,78.82,IN,,,,25
ABS:CPI(2.0.0),1,10001,10,7,Q,2015-Q1,78.64,IN,,,,25
ABS:CPI(2.0.0),1,10001,10,7,Q,2015-Q2,78.63,IN,,,,25
ABS:CPI(2.0.0),1,10001,10,7,Q,2015-Q3,78.92,IN,,,,25
ABS:CPI(2.0.0),1,10001,10,7,Q,2015-Q4,79.17,IN,,,,25
ABS:CPI(2.0.0),1,10001,10,7,Q,2016-Q1,78.43,IN,,,,25
ABS:CPI(2.0.0),1,10001,10,7,Q,2016-Q2,78.68,IN,,,,25
ABS:CPI(2.0.0),1,10001,10,7,Q,2016-Q3,78.94,IN,,,,25
ABS:CPI(2.0.0),1,10001,10,7,Q,2016-Q4,78.86,IN,,,,25
ABS:CPI(2.0.0),1,10001,10,7,Q,2017-Q1,78.8,IN,,,,25
ABS:CPI(2.0.0),1,10001,10,7,Q,2017-Q2,79.01,IN,,,,25
ABS:CPI(2.0.0),1,10001,10,7,Q,2017-Q3,79.49,IN,,,,25
ABS:CPI(2.0.0),1,10001,10,7,Q,2017-Q4,79.68,IN,,,,25
ABS:CPI(2.0.0),1,10001,10,7,Q,2018-Q1,79.7,IN,,,,25
ABS:CPI(2.0.0),1,10001,10,7,Q,2018-Q2,79.96,IN,,,,25
ABS:CPI(2.0.0),1,10001,10,7,Q,2018-Q3,80.46,IN,,,,25
ABS:CPI(2.0.0),1,10001,10,7,Q,2018-Q4,80.62,IN,,,,25
ABS:CPI(2.0.0),1,10001,10,7,Q,2019-Q1,79.99,IN,,,,25
ABS:CPI(2.0.0),1,10001,10,7,Q,2019-Q2,80.6,IN,,,,25
ABS:CPI(2.0.0),1,10001,10,7,Q,2019-Q3,80.84,IN,,,,25
ABS:CPI(2.0.0),1,10001,10,7,Q,2019-Q4,80.99,IN,,,,25
ABS:CPI(2.0.0),1,10001,10,7,Q,2020-Q1,81.19,IN,,,,25
ABS:CPI(2.0.0),1,10001,10,7,Q,2020-Q2,79.14,IN,,,,25
ABS:CPI(2.0.0),1,10001,10,7,Q,2020-Q3,80.47,IN,,,,25
ABS:CPI(2.0.0),1,10001,10,7,Q,2020-Q4,80.96,IN,,,,25
ABS:CPI(2.0.0),1,10001,10,7,Q,2021-Q1,83.07,IN,,,,25
ABS:CPI(2.0.0),1,10001,10,7,Q,2021-Q2,83.97,IN,,,,25
ABS:CPI(2.0.0),1,10001,10,7,Q,2021-Q3,85.17,IN,,,,25
ABS:CPI(2.0.0),1,10001,10,7,Q,2021-Q4,85.85,IN,,,,25
ABS:CPI(2.0.0),1,10001,10,7,Q,2022-Q1,87.64,IN,,,,25
ABS:CPI(2.0.0),1,10001,10,7,Q,2022-Q2,89.45,IN,,,,25
ABS:CPI(2.0.0),1,10001,10,7,Q,2022-Q3,91.16,IN,,,,25
ABS:CPI(2.0.0),1,10001,10,7,Q,2022-Q4,91.97,IN,,,,25
ABS:CPI(2.0.0),1,10001,10,7,Q,2023-Q1,93.15,IN,,,,25
ABS:CPI(2.0.0),1,10001,10,7,Q,2023-Q2,94.18,IN,,,,25
ABS:CPI(2.0.0),1,10001,10,7,Q,2023-Q3,95.05,IN,,,,25
ABS:CPI(2.0.0),1,10001,10,7,Q,2023-Q4,95.52,IN,,,,25
ABS:CPI(2.0.0),1,10001,10,7,Q,2024-Q1,96.14,IN,,,,25
ABS:CPI(2.0.0),1,10001,10,7,Q,2024-Q2,97.05,IN,,,,25
ABS:CPI(2.0.0),1,10001,10,7,Q,2024-Q3,97.19,IN,,,,25
ABS:CPI(2.0.0),1,10001,10,7,Q,2024-Q4,97.12,IN,,,,25
ABS:CPI(2.0.0),1,10001,10,7,Q,2025-Q1,97.78,IN,,,,25
ABS:CPI(2.0.0),1,10001,10,7,Q,2025-Q2,98.57,IN,,,,25
ABS:CPI(2.0.0),1,10001,10,7,Q,2025-Q3,99.66,IN,,,,25
ABS:CPI(2.0.0),1,10001,10,7,Q,2025-Q4,100.33,IN,,,,25
ABS:CPI(2.0.0),1,10001,10,7,Q,2026-Q1,101.27,IN,,,,25
ABS:CPI(2.0.0),1,10001,10,7,Q,2026-Q2,102.35,IN,,,,25
ABS:CPI(2.0.0),1,40081,10,50,Q,2012-Q1,77.95,IN,,,,25
ABS:CPI(2.0.0),1,40081,10,50,Q,2012-Q2,78.47,IN,,,,25
ABS:CPI(2.0.0),1,40081,10,50,Q,2012-Q3,75.39,IN,,,,25
ABS:CPI(2.0.0),1,40081,10,50,Q,2012-Q4,77.33,IN,,,,25
ABS:CPI(2.0.0),1,40081,10,50,Q,2013-Q1,78.24,IN,,,,25
ABS:CPI(2.0.0),1,40081,10,50,Q,2013-Q2,75.81,IN,,,,25
ABS:CPI(2.0.0),1,40081,10,50,Q,2013-Q3,81.59,IN,,,,25
ABS:CPI(2.0.0),1,40081,10,50,Q,2013-Q4,80.71,IN,,,,25
ABS:CPI(2.0.0),1,40081,10,50,Q,2014-Q1,83.98,IN,,,,25
ABS:CPI(2.0.0),1,40081,10,50,Q,2014-Q2,81.72,IN,,,,25
ABS:CPI(2.0.0),1,40081,10,50,Q,2014-Q3,79.58,IN,,,,25
ABS:CPI(2.0.0),1,40081,10,50,Q,2014-Q4,74.24,IN,,,,25
ABS:CPI(2.0.0),1,40081,10,50,Q,2015-Q1,65.16,IN,,,,25
ABS:CPI(2.0.0),1,40081,10,50,Q,2015-Q2,73.1,IN,,,,25
ABS:CPI(2.0.0),1,40081,10,50,Q,2015-Q3,71.8,IN,,,,25
ABS:CPI(2.0.0),1,40081,10,50,Q,2015-Q4,67.74,IN,,,,25
ABS:CPI(2.0.0),1,40081,10,50,Q,2016-Q1,60.99,IN,,,,25
ABS:CPI(2.0.0),1,40081,10,50,Q,2016-Q2,64.63,IN,,,,25
ABS:CPI(2.0.0),1,40081,10,50,Q,2016-Q3,62.75,IN,,,,25
ABS:CPI(2.0.0),1,40081,10,50,Q,2016-Q4,67.02,IN,,,,25
ABS:CPI(2.0.0),1,40081,10,50,Q,2017-Q1,70.86,IN,,,,25
ABS:CPI(2.0.0),1,40081,10,50,Q,2017-Q2,69.04,IN,,,,25
ABS:CPI(2.0.0),1,40081,10,50,Q,2017-Q3,67.43,IN,,,,25
ABS:CPI(2.0.0),1,40081,10,50,Q,2017-Q4,74.42,IN,,,,25
ABS:CPI(2.0.0),1,40081,10,50,Q,2018-Q1,75.12,IN,,,,25
ABS:CPI(2.0.0),1,40081,10,50,Q,2018-Q2,80.3,IN,,,,25
ABS:CPI(2.0.0),1,40081,10,50,Q,2018-Q3,81.48,IN,,,,25
ABS:CPI(2.0.0),1,40081,10,50,Q,2018-Q4,79.43,IN,,,,25
ABS:CPI(2.0.0),1,40081,10,50,Q,2019-Q1,72.51,IN,,,,25
ABS:CPI(2.0.0),1,40081,10,50,Q,2019-Q2,79.91,IN,,,,25
ABS:CPI(2.0.0),1,40081,10,50,Q,2019-Q3,78.28,IN,,,,25
ABS:CPI(2.0.0),1,40081,10,50,Q,2019-Q4,81.75,IN,,,,25
ABS:CPI(2.0.0),1,40081,10,50,Q,2020-Q1,76.86,IN,,,,25
ABS:CPI(2.0.0),1,40081,10,50,Q,2020-Q2,61.95,IN,,,,25
ABS:CPI(2.0.0),1,40081,10,50,Q,2020-Q3,67.79,IN,,,,25
ABS:CPI(2.0.0),1,40081,10,50,Q,2020-Q4,68.13,IN,,,,25
ABS:CPI(2.0.0),1,40081,10,50,Q,2021-Q1,74.09,IN,,,,25
ABS:CPI(2.0.0),1,40081,10,50,Q,2021-Q2,78.92,IN,,,,25
ABS:CPI(2.0.0),1,40081,10,50,Q,2021-Q3,84.53,IN,,,,25
ABS:CPI(2.0.0),1,40081,10,50,Q,2021-Q4,90.19,IN,,,,25
ABS:CPI(2.0.0),1,40081,10,50,Q,2022-Q1,100.06,IN,,,,25
ABS:CPI(2.0.0),1,40081,10,50,Q,2022-Q2,104.25,IN,,,,25
ABS:CPI(2.0.0),1,40081,10,50,Q,2022-Q3,99.79,IN,,,,25
ABS:CPI(2.0.0),1,40081,10,50,Q,2022-Q4,102.04,IN,,,,25
ABS:CPI(2.0.0),1,40081,10,50,Q,2023-Q1,101.15,IN,,,,25
ABS:CPI(2.0.0),1,40081,10,50,Q,2023-Q2,100.49,IN,,,,25
ABS:CPI(2.0.0),1,40081,10,50,Q,2023-Q3,107.71,IN,,,,25
ABS:CPI(2.0.0),1,40081,10,50,Q,2023-Q4,107.47,IN,,,,25
ABS:CPI(2.0.0),1,40081,10,50,Q,2024-Q1,106.38,IN,,,,25
ABS:CPI(2.0.0),1,40081,10,50,Q,2024-Q2,108.29,IN,,,,25
ABS:CPI(2.0.0),1,40081,10,50,Q,2024-Q3,101.0,IN,,,,25
ABS:CPI(2.0.0),1,40081,10,50,Q,2024-Q4,99.04,IN,,,,25
ABS:CPI(2.0.0),1,40081,10,50,Q,2025-Q1,100.95,IN,,,,25
ABS:CPI(2.0.0),1,40081,10,50,Q,2025-Q2,97.46,IN,,,,25
ABS:CPI(2.0.0),1,40081,10,50,Q,2025-Q3,99.41,IN,,,,25
ABS:CPI(2.0.0),1,40081,10,50,Q,2025-Q4,100.55,IN,,,,25
ABS:CPI(2.0.0),1,40081,10,50,Q,2026-Q1,105.79,IN,,,,25
ABS:CPI(2.0.0),1,40081,10,50,Q,2026-Q2,103.58,IN,,,,25
ABS:CPI(2.0.0),1,10001,10,5,Q,2012-Q1,69.73,IN,,,,25
ABS:CPI(2.0.0),1,10001,10,5,Q,2012-Q2,70.08,IN,,,,25
ABS:CPI(2.0.0),1,10001,10,5,Q,2012-Q3,70.86,IN,,,,25
ABS:CPI(2.0.0),1,10001,10,5,Q,2012-Q4,71.0,IN,,,,25
ABS:CPI(2.0.0),1,10001,10,5,Q,2013-Q1,71.35,IN,,,,25
ABS:CPI(2.0.0),1,10001,10,5,Q,2013-Q2,71.78,IN,,,,25
ABS:CPI(2.0.0),1,10001,10,5,Q,2013-Q3,72.62,IN,,,,25
ABS:CPI(2.0.0),1,10001,10,5,Q,2013-Q4,73.1,IN,,,,25
ABS:CPI(2.0.0),1,10001,10,5,Q,2014-Q1,73.63,IN,,,,25
ABS:CPI(2.0.0),1,10001,10,5,Q,2014-Q2,74.17,IN,,,,25
ABS:CPI(2.0.0),1,10001,10,5,Q,2014-Q3,74.54,IN,,,,25
ABS:CPI(2.0.0),1,10001,10,5,Q,2014-Q4,74.6,IN,,,,25
ABS:CPI(2.0.0),1,10001,10,5,Q,2015-Q1,74.67,IN,,,,25
ABS:CPI(2.0.0),1,10001,10,5,Q,2015-Q2,75.11,IN,,,,25
ABS:CPI(2.0.0),1,10001,10,5,Q,2015-Q3,75.38,IN,,,,25
ABS:CPI(2.0.0),1,10001,10,5,Q,2015-Q4,75.71,IN,,,,25
ABS:CPI(2.0.0),1,10001,10,5,Q,2016-Q1,75.24,IN,,,,25
ABS:CPI(2.0.0),1,10001,10,5,Q,2016-Q2,75.45,IN,,,,25
ABS:CPI(2.0.0),1,10001,10,5,Q,2016-Q3,75.7,IN,,,,25
ABS:CPI(2.0.0),1,10001,10,5,Q,2016-Q4,75.99,IN,,,,25
ABS:CPI(2.0.0),1,10001,10,5,Q,2017-Q1,75.96,IN,,,,25
ABS:CPI(2.0.0),1,10001,10,5,Q,2017-Q2,75.96,IN,,,,25
ABS:CPI(2.0.0),1,10001,10,5,Q,2017-Q3,76.3,IN,,,,25
ABS:CPI(2.0.0),1,10001,10,5,Q,2017-Q4,76.64,IN,,,,25
ABS:CPI(2.0.0),1,10001,10,5,Q,2018-Q1,76.65,IN,,,,25
ABS:CPI(2.0.0),1,10001,10,5,Q,2018-Q2,76.82,IN,,,,25
ABS:CPI(2.0.0),1,10001,10,5,Q,2018-Q3,77.2,IN,,,,25
ABS:CPI(2.0.0),1,10001,10,5,Q,2018-Q4,77.57,IN,,,,25
ABS:CPI(2.0.0),1,10001,10,5,Q,2019-Q1,77.49,IN,,,,25
ABS:CPI(2.0.0),1,10001,10,5,Q,2019-Q2,78.08,IN,,,,25
ABS:CPI(2.0.0),1,10001,10,5,Q,2019-Q3,78.47,IN,,,,25
ABS:CPI(2.0.0),1,10001,10,5,Q,2019-Q4,78.85,IN,,,,25
ABS:CPI(2.0.0),1,10001,10,5,Q,2020-Q1,79.1,IN,,,,25
ABS:CPI(2.0.0),1,10001,10,5,Q,2020-Q2,78.13,IN,,,,25
ABS:CPI(2.0.0),1,10001,10,5,Q,2020-Q3,79.52,IN,,,,25
ABS:CPI(2.0.0),1,10001,10,5,Q,2020-Q4,78.77,IN,,,,25
ABS:CPI(2.0.0),1,10001,10,5,Q,2021-Q1,79.86,IN,,,,25
ABS:CPI(2.0.0),1,10001,10,5,Q,2021-Q2,81.43,IN,,,,25
ABS:CPI(2.0.0),1,10001,10,5,Q,2021-Q3,82.07,IN,,,,25
ABS:CPI(2.0.0),1,10001,10,5,Q,2021-Q4,83.26,IN,,,,25
ABS:CPI(2.0.0),1,10001,10,5,Q,2022-Q1,85.97,IN,,,,25
ABS:CPI(2.0.0),1,10001,10,5,Q,2022-Q2,87.43,IN,,,,25
ABS:CPI(2.0.0),1,10001,10,5,Q,2022-Q3,86.99,IN,,,,25
ABS:CPI(2.0.0),1,10001,10,5,Q,2022-Q4,90.11,IN,,,,25
ABS:CPI(2.0.0),1,10001,10,5,Q,2023-Q1,90.93,IN,,,,25
ABS:CPI(2.0.0),1,10001,10,5,Q,2023-Q2,91.67,IN,,,,25
ABS:CPI(2.0.0),1,10001,10,5,Q,2023-Q3,92.01,IN,,,,25
ABS:CPI(2.0.0),1,10001,10,5,Q,2023-Q4,93.4,IN,,,,25
ABS:CPI(2.0.0),1,10001,10,5,Q,2024-Q1,93.96,IN,,,,25
ABS:CPI(2.0.0),1,10001,10,5,Q,2024-Q2,95.89,IN,,,,25
ABS:CPI(2.0.0),1,10001,10,5,Q,2024-Q3,95.47,IN,,,,25
ABS:CPI(2.0.0),1,10001,10,5,Q,2024-Q4,96.14,IN,,,,25
ABS:CPI(2.0.0),1,10001,10,5,Q,2025-Q1,96.63,IN,,,,25
ABS:CPI(2.0.0),1,10001,10,5,Q,2025-Q2,98.52,IN,,,,25
ABS:CPI(2.0.0),1,10001,10,5,Q,2025-Q3,99.72,IN,,,,25
ABS:CPI(2.0.0),1,10001,10,5,Q,2025-Q4,99.89,IN,,,,25
ABS:CPI(2.0.0),1,10001,10,5,Q,2026-Q1,101.41,IN,,,,25
ABS:CPI(2.0.0),1,10001,10,5,Q,2026-Q2,102.46,IN,,,,25
ABS:CPI(2.0.0),1,40080,10,50,Q,2012-Q1,89.52,IN,,,,25
ABS:CPI(2.0.0),1,40080,10,50,Q,2012-Q2,90.56,IN,,,,25
ABS:CPI(2.0.0),1,40080,10,50,Q,2012-Q3,89.59,IN,,,,25
ABS:CPI(2.0.0),1,40080,10,50,Q,2012-Q4,88.84,IN,,,,25
ABS:CPI(2.0.0),1,40080,10,50,Q,2013-Q1,87.6,IN,,,,25
ABS:CPI(2.0.0),1,40080,10,50,Q,2013-Q2,87.42,IN,,,,25
ABS:CPI(2.0.0),1,40080,10,50,Q,2013-Q3,86.76,IN,,,,25
ABS:CPI(2.0.0),1,40080,10,50,Q,2013-Q4,86.24,IN,,,,25
ABS:CPI(2.0.0),1,40080,10,50,Q,2014-Q1,86.62,IN,,,,25
ABS:CPI(2.0.0),1,40080,10,50,Q,2014-Q2,86.85,IN,,,,25
ABS:CPI(2.0.0),1,40080,10,50,Q,2014-Q3,86.54,IN,,,,25
ABS:CPI(2.0.0),1,40080,10,50,Q,2014-Q4,85.54,IN,,,,25
ABS:CPI(2.0.0),1,40080,10,50,Q,2015-Q1,85.94,IN,,,,25
ABS:CPI(2.0.0),1,40080,10,50,Q,2015-Q2,85.66,IN,,,,25
ABS:CPI(2.0.0),1,40080,10,50,Q,2015-Q3,86.51,IN,,,,25
ABS:CPI(2.0.0),1,40080,10,50,Q,2015-Q4,86.27,IN,,,,25
ABS:CPI(2.0.0),1,40080,10,50,Q,2016-Q1,86.92,IN,,,,25
ABS:CPI(2.0.0),1,40080,10,50,Q,2016-Q2,85.7,IN,,,,25
ABS:CPI(2.0.0),1,40080,10,50,Q,2016-Q3,85.21,IN,,,,25
ABS:CPI(2.0.0),1,40080,10,50,Q,2016-Q4,84.7,IN,,,,25
ABS:CPI(2.0.0),1,40080,10,50,Q,2017-Q1,84.36,IN,,,,25
ABS:CPI(2.0.0),1,40080,10,50,Q,2017-Q2,84.66,IN,,,,25
ABS:CPI(2.0.0),1,40080,10,50,Q,2017-Q3,84.22,IN,,,,25
ABS:CPI(2.0.0),1,40080,10,50,Q,2017-Q4,83.35,IN,,,,25
ABS:CPI(2.0.0),1,40080,10,50,Q,2018-Q1,84.52,IN,,,,25
ABS:CPI(2.0.0),1,40080,10,50,Q,2018-Q2,82.8,IN,,,,25
ABS:CPI(2.0.0),1,40080,10,50,Q,2018-Q3,82.66,IN,,,,25
ABS:CPI(2.0.0),1,40080,10,50,Q,2018-Q4,82.44,IN,,,,25
ABS:CPI(2.0.0),1,40080,10,50,Q,2019-Q1,84.4,IN,,,,25
ABS:CPI(2.0.0),1,40080,10,50,Q,2019-Q2,85.56,IN,,,,25
ABS:CPI(2.0.0),1,40080,10,50,Q,2019-Q3,85.71,IN,,,,25
ABS:CPI(2.0.0),1,40080,10,50,Q,2019-Q4,85.17,IN,,,,25
ABS:CPI(2.0.0),1,40080,10,50,Q,2020-Q1,84.58,IN,,,,25
ABS:CPI(2.0.0),1,40080,10,50,Q,2020-Q2,85.01,IN,,,,25
ABS:CPI(2.0.0),1,40080,10,50,Q,2020-Q3,87.16,IN,,,,25
ABS:CPI(2.0.0),1,40080,10,50,Q,2020-Q4,88.73,IN,,,,25
ABS:CPI(2.0.0),1,40080,10,50,Q,2021-Q1,89.33,IN,,,,25
ABS:CPI(2.0.0),1,40080,10,50,Q,2021-Q2,91.3,IN,,,,25
ABS:CPI(2.0.0),1,40080,10,50,Q,2021-Q3,92.6,IN,,,,25
ABS:CPI(2.0.0),1,40080,10,50,Q,2021-Q4,94.33,IN,,,,25
ABS:CPI(2.0.0),1,40080,10,50,Q,2022-Q1,95.24,IN,,,,25
ABS:CPI(2.0.0),1,40080,10,50,Q,2022-Q2,96.38,IN,,,,25
ABS:CPI(2.0.0),1,40080,10,50,Q,2022-Q3,96.82,IN,,,,25
ABS:CPI(2.0.0),1,40080,10,50,Q,2022-Q4,99.01,IN,,,,25
ABS:CPI(2.0.0),1,40080,10,50,Q,2023-Q1,100.82,IN,,,,25
ABS:CPI(2.0.0),1,40080,10,50,Q,2023-Q2,100.17,IN,,,,25
ABS:CPI(2.0.0),1,40080,10,50,Q,2023-Q3,100.69,IN,,,,25
ABS:CPI(2.0.0),1,40080,10,50,Q,2023-Q4,100.15,IN,,,,25
ABS:CPI(2.0.0),1,40080,10,50,Q,2024-Q1,101.2,IN,,,,25
ABS:CPI(2.0.0),1,40080,10,50,Q,2024-Q2,100.86,IN,,,,25
ABS:CPI(2.0.0),1,40080,10,50,Q,2024-Q3,100.06,IN,,,,25
ABS:CPI(2.0.0),1,40080,10,50,Q,2024-Q4,99.93,IN,,,,25
ABS:CPI(2.0.0),1,40080,10,50,Q,2025-Q1,100.09,IN,,,,25
ABS:CPI(2.0.0),1,40080,10,50,Q,2025-Q2,99.89,IN,,,,25
ABS:CPI(2.0.0),1,40080,10,50,Q,2025-Q3,100.55,IN,,,,25
ABS:CPI(2.0.0),1,40080,10,50,Q,2025-Q4,100.43,IN,,,,25
ABS:CPI(2.0.0),1,40080,10,50,Q,2026-Q1,101.44,IN,,,,25
ABS:CPI(2.0.0),1,40080,10,50,Q,2026-Q2,101.14,IN,,,,25
ABS:CPI(2.0.0),1,10001,10,50,Q,2012-Q1,69.38,IN,,,,25
ABS:CPI(2.0.0),1,10001,10,50,Q,2012-Q2,69.74,IN,,,,25
ABS:CPI(2.0.0),1,10001,10,50,Q,2012-Q3,70.69,IN,,,,25
ABS:CPI(2.0.0),1,10001,10,50,Q,2012-Q4,70.87,IN,,,,25
ABS:CPI(2.0.0),1,10001,10,50,Q,2013-Q1,71.11,IN,,,,25
ABS:CPI(2.0.0),1,10001,10,50,Q,2013-Q2,71.38,IN,,,,25
ABS:CPI(2.0.0),1,10001,10,50,Q,2013-Q3,72.25,IN,,,,25
ABS:CPI(2.0.0),1,10001,10,50,Q,2013-Q4,72.77,IN,,,,25
ABS:CPI(2.0.0),1,10001,10,50,Q,2014-Q1,73.2,IN,,,,25
ABS:CPI(2.0.0),1,10001,10,50,Q,2014-Q2,73.57,IN,,,,25
ABS:CPI(2.0.0),1,10001,10,50,Q,2014-Q3,73.88,IN,,,,25
ABS:CPI(2.0.0),1,10001,10,50,Q,2014-Q4,74.02,IN,,,,25
ABS:CPI(2.0.0),1,10001,10,50,Q,2015-Q1,74.16,IN,,,,25
ABS:CPI(2.0.0),1,10001,10,50,Q,2015-Q2,74.69,IN,,,,25
ABS:CPI(2.0.0),1,10001,10,50,Q,2015-Q3,74.98,IN,,,,25
ABS:CPI(2.0.0),1,10001,10,50,Q,2015-Q4,75.27,IN,,,,25
ABS:CPI(2.0.0),1,10001,10,50,Q,2016-Q1,75.12,IN,,,,25
ABS:CPI(2.0.0),1,10001,10,50,Q,2016-Q2,75.45,IN,,,,25
ABS:CPI(2.0.0),1,10001,10,50,Q,2016-Q3,75.98,IN,,,,25
ABS:CPI(2.0.0),1,10001,10,50,Q,2016-Q4,76.38,IN,,,,25
ABS:CPI(2.0.0),1,10001,10,50,Q,2017-Q1,76.73,IN,,,,25
ABS:CPI(2.0.0),1,10001,10,50,Q,2017-Q2,76.88,IN,,,,25
ABS:CPI(2.0.0),1,10001,10,50,Q,2017-Q3,77.35,IN,,,,25
ABS:CPI(2.0.0),1,10001,10,50,Q,2017-Q4,77.87,IN,,,,25
ABS:CPI(2.0.0),1,10001,10,50,Q,2018-Q1,78.21,IN,,,,25
ABS:CPI(2.0.0),1,10001,10,50,Q,2018-Q2,78.49,IN,,,,25
ABS:CPI(2.0.0),1,10001,10,50,Q,2018-Q3,78.83,IN,,,,25
ABS:CPI(2.0.0),1,10001,10,50,Q,2018-Q4,79.24,IN,,,,25
ABS:CPI(2.0.0),1,10001,10,50,Q,2019-Q1,79.23,IN,,,,25
ABS:CPI(2.0.0),1,10001,10,50,Q,2019-Q2,79.7,IN,,,,25
ABS:CPI(2.0.0),1,10001,10,50,Q,2019-Q3,80.15,IN,,,,25
ABS:CPI(2.0.0),1,10001,10,50,Q,2019-Q4,80.7,IN,,,,25
ABS:CPI(2.0.0),1,10001,10,50,Q,2020-Q1,81.0,IN,,,,25
ABS:CPI(2.0.0),1,10001,10,50,Q,2020-Q2,79.44,IN,,,,25
ABS:CPI(2.0.0),1,10001,10,50,Q,2020-Q3,80.67,IN,,,,25
ABS:CPI(2.0.0),1,10001,10,50,Q,2020-Q4,81.4,IN,,,,25
ABS:CPI(2.0.0),1,10001,10,50,Q,2021-Q1,81.87,IN,,,,25
ABS:CPI(2.0.0),1,10001,10,50,Q,2021-Q2,82.47,IN,,,,25
ABS:CPI(2.0.0),1,10001,10,50,Q,2021-Q3,83.17,IN,,,,25
ABS:CPI(2.0.0),1,10001,10,50,Q,2021-Q4,84.23,IN,,,,25
ABS:CPI(2.0.0),1,10001,10,50,Q,2022-Q1,86.05,IN,,,,25
ABS:CPI(2.0.0),1,10001,10,50,Q,2022-Q2,87.59,IN,,,,25
ABS:CPI(2.0.0),1,10001,10,50,Q,2022-Q3,89.2,IN,,,,25
ABS:CPI(2.0.0),1,10001,10,50,Q,2022-Q4,90.85,IN,,,,25
ABS:CPI(2.0.0),1,10001,10,50,Q,2023-Q1,92.08,IN,,,,25
ABS:CPI(2.0.0),1,10001,10,50,Q,2023-Q2,92.87,IN,,,,25
ABS:CPI(2.0.0),1,10001,10,50,Q,2023-Q3,93.94,IN,,,,25
ABS:CPI(2.0.0),1,10001,10,50,Q,2023-Q4,94.53,IN,,,,25
ABS:CPI(2.0.0),1,10001,10,50,Q,2024-Q1,95.41,IN,,,,25
ABS:CPI(2.0.0),1,10001,10,50,Q,2024-Q2,96.41,IN,,,,25
ABS:CPI(2.0.0),1,10001,10,50,Q,2024-Q3,96.62,IN,,,,25
ABS:CPI(2.0.0),1,10001,10,50,Q,2024-Q4,96.81,IN,,,,25
ABS:CPI(2.0.0),1,10001,10,50,Q,2025-Q1,97.7,IN,,,,25
ABS:CPI(2.0.0),1,10001,10,50,Q,2025-Q2,98.43,IN,,,,25
ABS:CPI(2.0.0),1,10001,10,50,Q,2025-Q3,99.73,IN,,,,25
ABS:CPI(2.0.0),1,10001,10,50,Q,2025-Q4,100.32,IN,,,,25
ABS:CPI(2.0.0),1,10001,10,50,Q,2026-Q1,101.7,IN,,,,25
ABS:CPI(2.0.0),1,10001,10,50,Q,2026-Q2,102.31,IN,,,,25
ABS:CPI(2.0.0),1,10001,10,1,Q,2012-Q1,69.36,IN,,,,25
ABS:CPI(2.0.0),1,10001,10,1,Q,2012-Q2,69.77,IN,,,,25
ABS:CPI(2.0.0),1,10001,10,1,Q,2012-Q3,70.97,IN,,,,25
ABS:CPI(2.0.0),1,10001,10,1,Q,2012-Q4,71.04,IN,,,,25
ABS:CPI(2.0.0),1,10001,10,1,Q,2013-Q1,71.3,IN,,,,25
ABS:CPI(2.0.0),1,10001,10,1,Q,2013-Q2,71.63,IN,,,,25
ABS:CPI(2.0.0),1,10001,10,1,Q,2013-Q3,72.46,IN,,,,25
ABS:CPI(2.0.0),1,10001,10,1,Q,2013-Q4,72.89,IN,,,,25
ABS:CPI(2.0.0),1,10001,10,1,Q,2014-Q1,73.35,IN,,,,25
ABS:CPI(2.0.0),1,10001,10,1,Q,2014-Q2,73.63,IN,,,,25
ABS:CPI(2.0.0),1,10001,10,1,Q,2014-Q3,74.05,IN,,,,25
ABS:CPI(2.0.0),1,10001,10,1,Q,2014-Q4,74.18,IN,,,,25
ABS:CPI(2.0.0),1,10001,10,1,Q,2015-Q1,74.55,IN,,,,25
ABS:CPI(2.0.0),1,10001,10,1,Q,2015-Q2,75.24,IN,,,,25
ABS:CPI(2.0.0),1,10001,10,1,Q,2015-Q3,75.44,IN,,,,25
ABS:CPI(2.0.0),1,10001,10,1,Q,2015-Q4,75.63,IN,,,,25
ABS:CPI(2.0.0),1,10001,10,1,Q,2016-Q1,75.47,IN,,,,25
ABS:CPI(2.0.0),1,10001,10,1,Q,2016-Q2,75.88,IN,,,,25
ABS:CPI(2.0.0),1,10001,10,1,Q,2016-Q3,76.65,IN,,,,25
ABS:CPI(2.0.0),1,10001,10,1,Q,2016-Q4,77.05,IN,,,,25
ABS:CPI(2.0.0),1,10001,10,1,Q,2017-Q1,77.33,IN,,,,25
ABS:CPI(2.0.0),1,10001,10,1,Q,2017-Q2,77.54,IN,,,,25
ABS:CPI(2.0.0),1,10001,10,1,Q,2017-Q3,78.15,IN,,,,25
ABS:CPI(2.0.0),1,10001,10,1,Q,2017-Q4,78.68,IN,,,,25
ABS:CPI(2.0.0),1,10001,10,1,Q,2018-Q1,78.89,IN,,,,25
ABS:CPI(2.0.0),1,10001,10,1,Q,2018-Q2,79.19,IN,,,,25
ABS:CPI(2.0.0),1,10001,10,1,Q,2018-Q3,79.64,IN,,,,25
ABS:CPI(2.0.0),1,10001,10,1,Q,2018-Q4,80.04,IN,,,,25
ABS:CPI(2.0.0),1,10001,10,1,Q,2019-Q1,79.97,IN,,,,25
ABS:CPI(2.0.0),1,10001,10,1,Q,2019-Q2,80.48,IN,,,,25
ABS:CPI(2.0.0),1,10001,10,1,Q,2019-Q3,80.91,IN,,,,25
ABS:CPI(2.0.0),1,10001,10,1,Q,2019-Q4,81.34,IN,,,,25
ABS:CPI(2.0.0),1,10001,10,1,Q,2020-Q1,81.54,IN,,,,25
ABS:CPI(2.0.0),1,10001,10,1,Q,2020-Q2,79.63,IN,,,,25
ABS:CPI(2.0.0),1,10001,10,1,Q,2020-Q3,81.1,IN,,,,25
ABS:CPI(2.0.0),1,10001,10,1,Q,2020-Q4,81.97,IN,,,,25
ABS:CPI(2.0.0),1,10001,10,1,Q,2021-Q1,82.33,IN,,,,25
ABS:CPI(2.0.0),1,10001,10,1,Q,2021-Q2,82.89,IN,,,,25
ABS:CPI(2.0.0),1,10001,10,1,Q,2021-Q3,83.48,IN,,,,25
ABS:CPI(2.0.0),1,10001,10,1,Q,2021-Q4,84.45,IN,,,,25
ABS:CPI(2.0.0),1,10001,10,1,Q,2022-Q1,85.88,IN,,,,25
ABS:CPI(2.0.0),1,10001,10,1,Q,2022-Q2,87.3,IN,,,,25
ABS:CPI(2.0.0),1,10001,10,1,Q,2022-Q3,89.33,IN,,,,25
ABS:CPI(2.0.0),1,10001,10,1,Q,2022-Q4,90.92,IN,,,,25
ABS:CPI(2.0.0),1,10001,10,1,Q,2023-Q1,92.19,IN,,,,25
ABS:CPI(2.0.0),1,10001,10,1,Q,2023-Q2,93.03,IN,,,,25
ABS:CPI(2.0.0),1,10001,10,1,Q,2023-Q3,94.33,IN,,,,25
ABS:CPI(2.0.0),1,10001,10,1,Q,2023-Q4,94.72,IN,,,,25
ABS:CPI(2.0.0),1,10001,10,1,Q,2024-Q1,95.6,IN,,,,25
ABS:CPI(2.0.0),1,10001,10,1,Q,2024-Q2,96.63,IN,,,,25
ABS:CPI(2.0.0),1,10001,10,1,Q,2024-Q3,97.1,IN,,,,25
ABS:CPI(2.0.0),1,10001,10,1,Q,2024-Q4,97.03,IN,,,,25
ABS:CPI(2.0.0),1,10001,10,1,Q,2025-Q1,97.82,IN,,,,25
ABS:CPI(2.0.0),1,10001,10,1,Q,2025-Q2,98.47,IN,,,,25
ABS:CPI(2.0.0),1,10001,10,1,Q,2025-Q3,99.91,IN,,,,25
ABS:CPI(2.0.0),1,10001,10,1,Q,2025-Q4,100.38,IN,,,,25
ABS:CPI(2.0.0),1,10001,10,1,Q,2026-Q1,101.81,IN,,,,25
ABS:CPI(2.0.0),1,10001,10,1,Q,2026-Q2,102.49,IN,,,,25
ABS:CPI(2.0.0),1,10001,10,6,Q,2012-Q1,69.91,IN,,,,25
ABS:CPI(2.0.0),1,10001,10,6,Q,2012-Q2,69.65,IN,,,,25
ABS:CPI(2.0.0),1,10001,10,6,Q,2012-Q3,70.13,IN,,,,25
ABS:CPI(2.0.0),1,10001,10,6,Q,2012-Q4,70.43,IN,,,,25
ABS:CPI(2.0.0),1,10001,10,6,Q,2013-Q1,70.63,IN,,,,25
ABS:CPI(2.0.0),1,10001,10,6,Q,2013-Q2,70.9,IN,,,,25
ABS:CPI(2.0.0),1,10001,10,6,Q,2013-Q3,71.57,IN,,,,25
ABS:CPI(2.0.0),1,10001,10,6,Q,2013-Q4,72.24,IN,,,,25
ABS:CPI(2.0.0),1,10001,10,6,Q,2014-Q1,72.57,IN,,,,25
ABS:CPI(2.0.0),1,10001,10,6,Q,2014-Q2,72.85,IN,,,,25
ABS:CPI(2.0.0),1,10001,10,6,Q,2014-Q3,72.91,IN,,,,25
ABS:CPI(2.0.0),1,10001,10,6,Q,2014-Q4,73.04,IN,,,,25
ABS:CPI(2.0.0),1,10001,10,6,Q,2015-Q1,73.24,IN,,,,25
ABS:CPI(2.0.0),1,10001,10,6,Q,2015-Q2,73.27,IN,,,,25
ABS:CPI(2.0.0),1,10001,10,6,Q,2015-Q3,73.7,IN,,,,25
ABS:CPI(2.0.0),1,10001,10,6,Q,2015-Q4,74.32,IN,,,,25
ABS:CPI(2.0.0),1,10001,10,6,Q,2016-Q1,74.21,IN,,,,25
ABS:CPI(2.0.0),1,10001,10,6,Q,2016-Q2,74.17,IN,,,,25
ABS:CPI(2.0.0),1,10001,10,6,Q,2016-Q3,74.72,IN,,,,25
ABS:CPI(2.0.0),1,10001,10,6,Q,2016-Q4,75.34,IN,,,,25
ABS:CPI(2.0.0),1,10001,10,6,Q,2017-Q1,75.91,IN,,,,25
ABS:CPI(2.0.0),1,10001,10,6,Q,2017-Q2,75.96,IN,,,,25
ABS:CPI(2.0.0),1,10001,10,6,Q,2017-Q3,76.17,IN,,,,25
ABS:CPI(2.0.0),1,10001,10,6,Q,2017-Q4,76.91,IN,,,,25
ABS:CPI(2.0.0),1,10001,10,6,Q,2018-Q1,77.5,IN,,,,25
ABS:CPI(2.0.0),1,10001,10,6,Q,2018-Q2,77.76,IN,,,,25
ABS:CPI(2.0.0),1,10001,10,6,Q,2018-Q3,78.26,IN,,,,25
ABS:CPI(2.0.0),1,10001,10,6,Q,2018-Q4,79.23,IN,,,,25
ABS:CPI(2.0.0),1,10001,10,6,Q,2019-Q1,79.08,IN,,,,25
ABS:CPI(2.0.0),1,10001,10,6,Q,2019-Q2,79.58,IN,,,,25
ABS:CPI(2.0.0),1,10001,10,6,Q,2019-Q3,80.02,IN,,,,25
ABS:CPI(2.0.0),1,10001,10,6,Q,2019-Q4,81.35,IN,,,,25
ABS:CPI(2.0.0),1,10001,10,6,Q,2020-Q1,81.74,IN,,,,25
ABS:CPI(2.0.0),1,10001,10,6,Q,2020-Q2,80.6,IN,,,,25
ABS:CPI(2.0.0),1,10001,10,6,Q,2020-Q3,81.41,IN,,,,25
ABS:CPI(2.0.0),1,10001,10,6,Q,2020-Q4,81.99,IN,,,,25
ABS:CPI(2.0.0),1,10001,10,6,Q,2021-Q1,82.61,IN,,,,25
ABS:CPI(2.0.0),1,10001,10,6,Q,2021-Q2,83.54,IN,,,,25
ABS:CPI(2.0.0),1,10001,10,6,Q,2021-Q3,83.84,IN,,,,25
ABS:CPI(2.0.0),1,10001,10,6,Q,2021-Q4,85.7,IN,,,,25
ABS:CPI(2.0.0),1,10001,10,6,Q,2022-Q1,87.43,IN,,,,25
ABS:CPI(2.0.0),1,10001,10,6,Q,2022-Q2,88.95,IN,,,,25
ABS:CPI(2.0.0),1,10001,10,6,Q,2022-Q3,91.0,IN,,,,25
ABS:CPI(2.0.0),1,10001,10,6,Q,2022-Q4,92.33,IN,,,,25
ABS:CPI(2.0.0),1,10001,10,6,Q,2023-Q1,93.43,IN,,,,25
ABS:CPI(2.0.0),1,10001,10,6,Q,2023-Q2,93.84,IN,,,,25
ABS:CPI(2.0.0),1,10001,10,6,Q,2023-Q3,94.69,IN,,,,25
ABS:CPI(2.0.0),1,10001,10,6,Q,2023-Q4,95.37,IN,,,,25
ABS:CPI(2.0.0),1,10001,10,6,Q,2024-Q1,96.28,IN,,,,25
ABS:CPI(2.0.0),1,10001,10,6,Q,2024-Q2,96.46,IN,,,,25
ABS:CPI(2.0.0),1,10001,10,6,Q,2024-Q3,95.39,IN,,,,25
ABS:CPI(2.0.0),1,10001,10,6,Q,2024-Q4,96.89,IN,,,,25
ABS:CPI(2.0.0),1,10001,10,6,Q,2025-Q1,97.62,IN,,,,25
ABS:CPI(2.0.0),1,10001,10,6,Q,2025-Q2,98.1,IN,,,,25
ABS:CPI(2.0.0),1,10001,10,6,Q,2025-Q3,99.55,IN,,,,25
ABS:CPI(2.0.0),1,10001,10,6,Q,2025-Q4,100.65,IN,,,,25
ABS:CPI(2.0.0),1,10001,10,6,Q,2026-Q1,101.86,IN,,,,25
ABS:CPI(2.0.0),1,10001,10,6,Q,2026-Q2,102.71,IN,,,,25
ABS:CPI(2.0.0),1,10001,10,2,Q,2012-Q1,69.68,IN,,,,25
ABS:CPI(2.0.0),1,10001,10,2,Q,2012-Q2,70.01,IN,,,,25
ABS:CPI(2.0.0),1,10001,10,2,Q,2012-Q3,70.83,IN,,,,25
ABS:CPI(2.0.0),1,10001,10,2,Q,2012-Q4,71.14,IN,,,,25
ABS:CPI(2.0.0),1,10001,10,2,Q,2013-Q1,71.43,IN,,,,25
ABS:CPI(2.0.0),1,10001,10,2,Q,2013-Q2,71.54,IN,,,,25
ABS:CPI(2.0.0),1,10001,10,2,Q,2013-Q3,72.51,IN,,,,25
ABS:CPI(2.0.0),1,10001,10,2,Q,2013-Q4,73.08,IN,,,,25
ABS:CPI(2.0.0),1,10001,10,2,Q,2014-Q1,73.45,IN,,,,25
ABS:CPI(2.0.0),1,10001,10,2,Q,2014-Q2,73.89,IN,,,,25
ABS:CPI(2.0.0),1,10001,10,2,Q,2014-Q3,73.98,IN,,,,25
ABS:CPI(2.0.0),1,10001,10,2,Q,2014-Q4,74.14,IN,,,,25
ABS:CPI(2.0.0),1,10001,10,2,Q,2015-Q1,74.21,IN,,,,25
ABS:CPI(2.0.0),1,10001,10,2,Q,2015-Q2,74.72,IN,,,,25
ABS:CPI(2.0.0),1,10001,10,2,Q,2015-Q3,75.06,IN,,,,25
ABS:CPI(2.0.0),1,10001,10,2,Q,2015-Q4,75.5,IN,,,,25
ABS:CPI(2.0.0),1,10001,10,2,Q,2016-Q1,75.44,IN,,,,25
ABS:CPI(2.0.0),1,10001,10,2,Q,2016-Q2,75.77,IN,,,,25
ABS:CPI(2.0.0),1,10001,10,2,Q,2016-Q3,76.13,IN,,,,25
ABS:CPI(2.0.0),1,10001,10,2,Q,2016-Q4,76.66,IN,,,,25
ABS:CPI(2.0.0),1,10001,10,2,Q,2017-Q1,77.32,IN,,,,25
ABS:CPI(2.0.0),1,10001,10,2,Q,2017-Q2,77.45,IN,,,,25
ABS:CPI(2.0.0),1,10001,10,2,Q,2017-Q3,77.79,IN,,,,25
ABS:CPI(2.0.0),1,10001,10,2,Q,2017-Q4,78.33,IN,,,,25
ABS:CPI(2.0.0),1,10001,10,2,Q,2018-Q1,79.05,IN,,,,25
ABS:CPI(2.0.0),1,10001,10,2,Q,2018-Q2,79.34,IN,,,,25
ABS:CPI(2.0.0),1,10001,10,2,Q,2018-Q3,79.53,IN,,,,25
ABS:CPI(2.0.0),1,10001,10,2,Q,2018-Q4,79.95,IN,,,,25
ABS:CPI(2.0.0),1,10001,10,2,Q,2019-Q1,80.02,IN,,,,25
ABS:CPI(2.0.0),1,10001,10,2,Q,2019-Q2,80.38,IN,,,,25
ABS:CPI(2.0.0),1,10001,10,2,Q,2019-Q3,80.85,IN,,,,25
ABS:CPI(2.0.0),1,10001,10,2,Q,2019-Q4,81.56,IN,,,,25
ABS:CPI(2.0.0),1,10001,10,2,Q,2020-Q1,82.15,IN,,,,25
ABS:CPI(2.0.0),1,10001,10,2,Q,2020-Q2,80.69,IN,,,,25
ABS:CPI(2.0.0),1,10001,10,2,Q,2020-Q3,81.42,IN,,,,25
ABS:CPI(2.0.0),1,10001,10,2,Q,2020-Q4,82.6,IN,,,,25
ABS:CPI(2.0.0),1,10001,10,2,Q,2021-Q1,82.85,IN,,,,25
ABS:CPI(2.0.0),1,10001,10,2,Q,2021-Q2,83.07,IN,,,,25
ABS:CPI(2.0.0),1,10001,10,2,Q,2021-Q3,83.75,IN,,,,25
ABS:CPI(2.0.0),1,10001,10,2,Q,2021-Q4,84.7,IN,,,,25
ABS:CPI(2.0.0),1,10001,10,2,Q,2022-Q1,86.64,IN,,,,25
ABS:CPI(2.0.0),1,10001,10,2,Q,2022-Q2,88.16,IN,,,,25
ABS:CPI(2.0.0),1,10001,10,2,Q,2022-Q3,89.99,IN,,,,25
ABS:CPI(2.0.0),1,10001,10,2,Q,2022-Q4,91.41,IN,,,,25
ABS:CPI(2.0.0),1,10001,10,2,Q,2023-Q1,92.55,IN,,,,25
ABS:CPI(2.0.0),1,10001,10,2,Q,2023-Q2,93.14,IN,,,,25
ABS:CPI(2.0.0),1,10001,10,2,Q,2023-Q3,94.35,IN,,,,25
ABS:CPI(2.0.0),1,10001,10,2,Q,2023-Q4,94.94,IN,,,,25
ABS:CPI(2.0.0),1,10001,10,2,Q,2024-Q1,95.89,IN,,,,25
ABS:CPI(2.0.0),1,10001,10,2,Q,2024-Q2,96.51,IN,,,,25
ABS:CPI(2.0.0),1,10001,10,2,Q,2024-Q3,97.15,IN,,,,25
ABS:CPI(2.0.0),1,10001,10,2,Q,2024-Q4,97.29,IN,,,,25
ABS:CPI(2.0.0),1,10001,10,2,Q,2025-Q1,98.11,IN,,,,25
ABS:CPI(2.0.0),1,10001,10,2,Q,2025-Q2,98.48,IN,,,,25
ABS:CPI(2.0.0),1,10001,10,2,Q,2025-Q3,99.66,IN,,,,25
ABS:CPI(2.0.0),1,10001,10,2,Q,2025-Q4,100.36,IN,,,,25
ABS:CPI(2.0.0),1,10001,10,2,Q,2026-Q1,101.79,IN,,,,25
ABS:CPI(2.0.0),1,10001,10,2,Q,2026-Q2,101.96,IN,,,,25
ABS:CPI(2.0.0),1,10001,10,4,Q,2012-Q1,69.11,IN,,,,25
ABS:CPI(2.0.0),1,10001,10,4,Q,2012-Q2,69.33,IN,,,,25
ABS:CPI(2.0.0),1,10001,10,4,Q,2012-Q3,70.4,IN,,,,25
ABS:CPI(2.0.0),1,10001,10,4,Q,2012-Q4,70.63,IN,,,,25
ABS:CPI(2.0.0),1,10001,10,4,Q,2013-Q1,70.69,IN,,,,25
ABS:CPI(2.0.0),1,10001,10,4,Q,2013-Q2,70.82,IN,,,,25
ABS:CPI(2.0.0),1,10001,10,4,Q,2013-Q3,71.75,IN,,,,25
ABS:CPI(2.0.0),1,10001,10,4,Q,2013-Q4,72.24,IN,,,,25
ABS:CPI(2.0.0),1,10001,10,4,Q,2014-Q1,72.71,IN,,,,25
ABS:CPI(2.0.0),1,10001,10,4,Q,2014-Q2,73.01,IN,,,,25
ABS:CPI(2.0.0),1,10001,10,4,Q,2014-Q3,73.26,IN,,,,25
ABS:CPI(2.0.0),1,10001,10,4,Q,2014-Q4,73.5,IN,,,,25
ABS:CPI(2.0.0),1,10001,10,4,Q,2015-Q1,73.54,IN,,,,25
ABS:CPI(2.0.0),1,10001,10,4,Q,2015-Q2,73.91,IN,,,,25
ABS:CPI(2.0.0),1,10001,10,4,Q,2015-Q3,74.1,IN,,,,25
ABS:CPI(2.0.0),1,10001,10,4,Q,2015-Q4,74.29,IN,,,,25
ABS:CPI(2.0.0),1,10001,10,4,Q,2016-Q1,74.04,IN,,,,25
ABS:CPI(2.0.0),1,10001,10,4,Q,2016-Q2,74.39,IN,,,,25
ABS:CPI(2.0.0),1,10001,10,4,Q,2016-Q3,75.04,IN,,,,25
ABS:CPI(2.0.0),1,10001,10,4,Q,2016-Q4,75.21,IN,,,,25
ABS:CPI(2.0.0),1,10001,10,4,Q,2017-Q1,75.5,IN,,,,25
ABS:CPI(2.0.0),1,10001,10,4,Q,2017-Q2,75.57,IN,,,,25
ABS:CPI(2.0.0),1,10001,10,4,Q,2017-Q3,76.39,IN,,,,25
ABS:CPI(2.0.0),1,10001,10,4,Q,2017-Q4,76.95,IN,,,,25
ABS:CPI(2.0.0),1,10001,10,4,Q,2018-Q1,77.24,IN,,,,25
ABS:CPI(2.0.0),1,10001,10,4,Q,2018-Q2,77.6,IN,,,,25
ABS:CPI(2.0.0),1,10001,10,4,Q,2018-Q3,77.77,IN,,,,25
ABS:CPI(2.0.0),1,10001,10,4,Q,2018-Q4,78.2,IN,,,,25
ABS:CPI(2.0.0),1,10001,10,4,Q,2019-Q1,78.25,IN,,,,25
ABS:CPI(2.0.0),1,10001,10,4,Q,2019-Q2,78.7,IN,,,,25
ABS:CPI(2.0.0),1,10001,10,4,Q,2019-Q3,79.27,IN,,,,25
ABS:CPI(2.0.0),1,10001,10,4,Q,2019-Q4,79.86,IN,,,,25
ABS:CPI(2.0.0),1,10001,10,4,Q,2020-Q1,80.12,IN,,,,25
ABS:CPI(2.0.0),1,10001,10,4,Q,2020-Q2,79.33,IN,,,,25
ABS:CPI(2.0.0),1,10001,10,4,Q,2020-Q3,80.08,IN,,,,25
ABS:CPI(2.0.0),1,10001,10,4,Q,2020-Q4,80.6,IN,,,,25
ABS:CPI(2.0.0),1,10001,10,4,Q,2021-Q1,81.14,IN,,,,25
ABS:CPI(2.0.0),1,10001,10,4,Q,2021-Q2,81.52,IN,,,,25
ABS:CPI(2.0.0),1,10001,10,4,Q,2021-Q3,82.11,IN,,,,25
ABS:CPI(2.0.0),1,10001,10,4,Q,2021-Q4,83.33,IN,,,,25
ABS:CPI(2.0.0),1,10001,10,4,Q,2022-Q1,84.9,IN,,,,25
ABS:CPI(2.0.0),1,10001,10,4,Q,2022-Q2,86.72,IN,,,,25
ABS:CPI(2.0.0),1,10001,10,4,Q,2022-Q3,88.98,IN,,,,25
ABS:CPI(2.0.0),1,10001,10,4,Q,2022-Q4,90.51,IN,,,,25
ABS:CPI(2.0.0),1,10001,10,4,Q,2023-Q1,91.6,IN,,,,25
ABS:CPI(2.0.0),1,10001,10,4,Q,2023-Q2,92.69,IN,,,,25
ABS:CPI(2.0.0),1,10001,10,4,Q,2023-Q3,94.24,IN,,,,25
ABS:CPI(2.0.0),1,10001,10,4,Q,2023-Q4,94.86,IN,,,,25
ABS:CPI(2.0.0),1,10001,10,4,Q,2024-Q1,95.57,IN,,,,25
ABS:CPI(2.0.0),1,10001,10,4,Q,2024-Q2,96.79,IN,,,,25
ABS:CPI(2.0.0),1,10001,10,4,Q,2024-Q3,97.32,IN,,,,25
ABS:CPI(2.0.0),1,10001,10,4,Q,2024-Q4,97.21,IN,,,,25
ABS:CPI(2.0.0),1,10001,10,4,Q,2025-Q1,97.72,IN,,,,25
ABS:CPI(2.0.0),1,10001,10,4,Q,2025-Q2,98.52,IN,,,,25
ABS:CPI(2.0.0),1,10001,10,4,Q,2025-Q3,99.64,IN,,,,25
ABS:CPI(2.0.0),1,10001,10,4,Q,2025-Q4,100.43,IN,,,,25
ABS:CPI(2.0.0),1,10001,10,4,Q,2026-Q1,101.79,IN,,,,25
ABS:CPI(2.0.0),1,10001,10,4,Q,2026-Q2,102.84,IN,,,,25
ABS:CPI(2.0.0),1,10001,10,8,Q,2012-Q1,70.57,IN,,,,25
ABS:CPI(2.0.0),1,10001,10,8,Q,2012-Q2,71.01,IN,,,,25
ABS:CPI(2.0.0),1,10001,10,8,Q,2012-Q3,71.75,IN,,,,25
ABS:CPI(2.0.0),1,10001,10,8,Q,2012-Q4,72.01,IN,,,,25
ABS:CPI(2.0.0),1,10001,10,8,Q,2013-Q1,72.14,IN,,,,25
ABS:CPI(2.0.0),1,10001,10,8,Q,2013-Q2,72.51,IN,,,,25
ABS:CPI(2.0.0),1,10001,10,8,Q,2013-Q3,72.98,IN,,,,25
ABS:CPI(2.0.0),1,10001,10,8,Q,2013-Q4,73.69,IN,,,,25
ABS:CPI(2.0.0),1,10001,10,8,Q,2014-Q1,74.0,IN,,,,25
ABS:CPI(2.0.0),1,10001,10,8,Q,2014-Q2,74.17,IN,,,,25
ABS:CPI(2.0.0),1,10001,10,8,Q,2014-Q3,74.42,IN,,,,25
ABS:CPI(2.0.0),1,10001,10,8,Q,2014-Q4,74.5,IN,,,,25
ABS:CPI(2.0.0),1,10001,10,8,Q,2015-Q1,74.42,IN,,,,25
ABS:CPI(2.0.0),1,10001,10,8,Q,2015-Q2,74.76,IN,,,,25
ABS:CPI(2.0.0),1,10001,10,8,Q,2015-Q3,74.84,IN,,,,25
ABS:CPI(2.0.0),1,10001,10,8,Q,2015-Q4,75.03,IN,,,,25
ABS:CPI(2.0.0),1,10001,10,8,Q,2016-Q1,75.13,IN,,,,25
ABS:CPI(2.0.0),1,10001,10,8,Q,2016-Q2,75.26,IN,,,,25
ABS:CPI(2.0.0),1,10001,10,8,Q,2016-Q3,75.93,IN,,,,25
ABS:CPI(2.0.0),1,10001,10,8,Q,2016-Q4,76.34,IN,,,,25
ABS:CPI(2.0.0),1,10001,10,8,Q,2017-Q1,76.86,IN,,,,25
ABS:CPI(2.0.0),1,10001,10,8,Q,2017-Q2,76.85,IN,,,,25
ABS:CPI(2.0.0),1,10001,10,8,Q,2017-Q3,77.53,IN,,,,25
ABS:CPI(2.0.0),1,10001,10,8,Q,2017-Q4,78.06,IN,,,,25
ABS:CPI(2.0.0),1,10001,10,8,Q,2018-Q1,78.66,IN,,,,25
ABS:CPI(2.0.0),1,10001,10,8,Q,2018-Q2,79.01,IN,,,,25
ABS:CPI(2.0.0),1,10001,10,8,Q,2018-Q3,79.45,IN,,,,25
ABS:CPI(2.0.0),1,10001,10,8,Q,2018-Q4,80.03,IN,,,,25
ABS:CPI(2.0.0),1,10001,10,8,Q,2019-Q1,80.07,IN,,,,25
ABS:CPI(2.0.0),1,10001,10,8,Q,2019-Q2,80.31,IN,,,,25
ABS:CPI(2.0.0),1,10001,10,8,Q,2019-Q3,80.87,IN,,,,25
ABS:CPI(2.0.0),1,10001,10,8,Q,2019-Q4,81.39,IN,,,,25
ABS:CPI(2.0.0),1,10001,10,8,Q,2020-Q1,81.75,IN,,,,25
ABS:CPI(2.0.0),1,10001,10,8,Q,2020-Q2,79.8,IN,,,,25
ABS:CPI(2.0.0),1,10001,10,8,Q,2020-Q3,81.67,IN,,,,25
ABS:CPI(2.0.0),1,10001,10,8,Q,2020-Q4,82.29,IN,,,,25
ABS:CPI(2.0.0),1,10001,10,8,Q,2021-Q1,82.99,IN,,,,25
ABS:CPI(2.0.0),1,10001,10,8,Q,2021-Q2,83.63,IN,,,,25
ABS:CPI(2.0.0),1,10001,10,8,Q,2021-Q3,84.74,IN,,,,25
ABS:CPI(2.0.0),1,10001,10,8,Q,2021-Q4,85.58,IN,,,,25
ABS:CPI(2.0.0),1,10001,10,8,Q,2022-Q1,87.48,IN,,,,25
ABS:CPI(2.0.0),1,10001,10,8,Q,2022-Q2,88.9,IN,,,,25
ABS:CPI(2.0.0),1,10001,10,8,Q,2022-Q3,90.56,IN,,,,25
ABS:CPI(2.0.0),1,10001,10,8,Q,2022-Q4,91.6,IN,,,,25
ABS:CPI(2.0.0),1,10001,10,8,Q,2023-Q1,92.91,IN,,,,25
ABS:CPI(2.0.0),1,10001,10,8,Q,2023-Q2,93.91,IN,,,,25
ABS:CPI(2.0.0),1,10001,10,8,Q,2023-Q3,94.64,IN,,,,25
ABS:CPI(2.0.0),1,10001,10,8,Q,2023-Q4,95.06,IN,,,,25
ABS:CPI(2.0.0),1,10001,10,8,Q,2024-Q1,95.94,IN,,,,25
ABS:CPI(2.0.0),1,10001,10,8,Q,2024-Q2,96.82,IN,,,,25
ABS:CPI(2.0.0),1,10001,10,8,Q,2024-Q3,97.1,IN,,,,25
ABS:CPI(2.0.0),1,10001,10,8,Q,2024-Q4,97.13,IN,,,,25
ABS:CPI(2.0.0),1,10001,10,8,Q,2025-Q1,98.08,IN,,,,25
ABS:CPI(2.0.0),1,10001,10,8,Q,2025-Q2,98.36,IN,,,,25
ABS:CPI(2.0.0),1,10001,10,8,Q,2025-Q3,99.86,IN,,,,25
ABS:CPI(2.0.0),1,10001,10,8,Q,2025-Q4,100.41,IN,,,,25
ABS:CPI(2.0.0),1,10001,10,8,Q,2026-Q1,101.71,IN,,,,25
ABS:CPI(2.0.0),1,10001,10,8,Q,2026-Q2,102.29,IN,,,,25
